--
-- PostgreSQL database dump
--

\restrict WziIn7Si7ZrmHf5Ighg0FwnjE7w4sw5eLLeSHFXVwoE8C4KIEpMBYUI8MRV3jbV

-- Dumped from database version 18.1
-- Dumped by pg_dump version 18.1

SET statement_timeout = 0;
SET lock_timeout = 0;
SET idle_in_transaction_session_timeout = 0;
SET transaction_timeout = 0;
SET client_encoding = 'UTF8';
SET standard_conforming_strings = on;
SELECT pg_catalog.set_config('search_path', '', false);
SET check_function_bodies = false;
SET xmloption = content;
SET client_min_messages = warning;
SET row_security = off;

SET default_tablespace = '';

SET default_table_access_method = heap;

--
-- Name: auth_group; Type: TABLE; Schema: public; Owner: postgres
--

CREATE TABLE public.auth_group (
    id integer NOT NULL,
    name character varying(150) NOT NULL
);


ALTER TABLE public.auth_group OWNER TO postgres;

--
-- Name: auth_group_id_seq; Type: SEQUENCE; Schema: public; Owner: postgres
--

ALTER TABLE public.auth_group ALTER COLUMN id ADD GENERATED BY DEFAULT AS IDENTITY (
    SEQUENCE NAME public.auth_group_id_seq
    START WITH 1
    INCREMENT BY 1
    NO MINVALUE
    NO MAXVALUE
    CACHE 1
);


--
-- Name: auth_group_permissions; Type: TABLE; Schema: public; Owner: postgres
--

CREATE TABLE public.auth_group_permissions (
    id bigint NOT NULL,
    group_id integer NOT NULL,
    permission_id integer NOT NULL
);


ALTER TABLE public.auth_group_permissions OWNER TO postgres;

--
-- Name: auth_group_permissions_id_seq; Type: SEQUENCE; Schema: public; Owner: postgres
--

ALTER TABLE public.auth_group_permissions ALTER COLUMN id ADD GENERATED BY DEFAULT AS IDENTITY (
    SEQUENCE NAME public.auth_group_permissions_id_seq
    START WITH 1
    INCREMENT BY 1
    NO MINVALUE
    NO MAXVALUE
    CACHE 1
);


--
-- Name: auth_permission; Type: TABLE; Schema: public; Owner: postgres
--

CREATE TABLE public.auth_permission (
    id integer NOT NULL,
    name character varying(255) NOT NULL,
    content_type_id integer NOT NULL,
    codename character varying(100) NOT NULL
);


ALTER TABLE public.auth_permission OWNER TO postgres;

--
-- Name: auth_permission_id_seq; Type: SEQUENCE; Schema: public; Owner: postgres
--

ALTER TABLE public.auth_permission ALTER COLUMN id ADD GENERATED BY DEFAULT AS IDENTITY (
    SEQUENCE NAME public.auth_permission_id_seq
    START WITH 1
    INCREMENT BY 1
    NO MINVALUE
    NO MAXVALUE
    CACHE 1
);


--
-- Name: auth_user; Type: TABLE; Schema: public; Owner: postgres
--

CREATE TABLE public.auth_user (
    id integer NOT NULL,
    password character varying(128) NOT NULL,
    last_login timestamp with time zone,
    is_superuser boolean NOT NULL,
    username character varying(150) NOT NULL,
    first_name character varying(150) NOT NULL,
    last_name character varying(150) NOT NULL,
    email character varying(254) NOT NULL,
    is_staff boolean NOT NULL,
    is_active boolean NOT NULL,
    date_joined timestamp with time zone NOT NULL
);


ALTER TABLE public.auth_user OWNER TO postgres;

--
-- Name: auth_user_groups; Type: TABLE; Schema: public; Owner: postgres
--

CREATE TABLE public.auth_user_groups (
    id bigint NOT NULL,
    user_id integer NOT NULL,
    group_id integer NOT NULL
);


ALTER TABLE public.auth_user_groups OWNER TO postgres;

--
-- Name: auth_user_groups_id_seq; Type: SEQUENCE; Schema: public; Owner: postgres
--

ALTER TABLE public.auth_user_groups ALTER COLUMN id ADD GENERATED BY DEFAULT AS IDENTITY (
    SEQUENCE NAME public.auth_user_groups_id_seq
    START WITH 1
    INCREMENT BY 1
    NO MINVALUE
    NO MAXVALUE
    CACHE 1
);


--
-- Name: auth_user_id_seq; Type: SEQUENCE; Schema: public; Owner: postgres
--

ALTER TABLE public.auth_user ALTER COLUMN id ADD GENERATED BY DEFAULT AS IDENTITY (
    SEQUENCE NAME public.auth_user_id_seq
    START WITH 1
    INCREMENT BY 1
    NO MINVALUE
    NO MAXVALUE
    CACHE 1
);


--
-- Name: auth_user_user_permissions; Type: TABLE; Schema: public; Owner: postgres
--

CREATE TABLE public.auth_user_user_permissions (
    id bigint NOT NULL,
    user_id integer NOT NULL,
    permission_id integer NOT NULL
);


ALTER TABLE public.auth_user_user_permissions OWNER TO postgres;

--
-- Name: auth_user_user_permissions_id_seq; Type: SEQUENCE; Schema: public; Owner: postgres
--

ALTER TABLE public.auth_user_user_permissions ALTER COLUMN id ADD GENERATED BY DEFAULT AS IDENTITY (
    SEQUENCE NAME public.auth_user_user_permissions_id_seq
    START WITH 1
    INCREMENT BY 1
    NO MINVALUE
    NO MAXVALUE
    CACHE 1
);


--
-- Name: django_admin_log; Type: TABLE; Schema: public; Owner: postgres
--

CREATE TABLE public.django_admin_log (
    id integer NOT NULL,
    action_time timestamp with time zone NOT NULL,
    object_id text,
    object_repr character varying(200) NOT NULL,
    action_flag smallint NOT NULL,
    change_message text NOT NULL,
    content_type_id integer,
    user_id integer NOT NULL,
    CONSTRAINT django_admin_log_action_flag_check CHECK ((action_flag >= 0))
);


ALTER TABLE public.django_admin_log OWNER TO postgres;

--
-- Name: django_admin_log_id_seq; Type: SEQUENCE; Schema: public; Owner: postgres
--

ALTER TABLE public.django_admin_log ALTER COLUMN id ADD GENERATED BY DEFAULT AS IDENTITY (
    SEQUENCE NAME public.django_admin_log_id_seq
    START WITH 1
    INCREMENT BY 1
    NO MINVALUE
    NO MAXVALUE
    CACHE 1
);


--
-- Name: django_content_type; Type: TABLE; Schema: public; Owner: postgres
--

CREATE TABLE public.django_content_type (
    id integer NOT NULL,
    app_label character varying(100) NOT NULL,
    model character varying(100) NOT NULL
);


ALTER TABLE public.django_content_type OWNER TO postgres;

--
-- Name: django_content_type_id_seq; Type: SEQUENCE; Schema: public; Owner: postgres
--

ALTER TABLE public.django_content_type ALTER COLUMN id ADD GENERATED BY DEFAULT AS IDENTITY (
    SEQUENCE NAME public.django_content_type_id_seq
    START WITH 1
    INCREMENT BY 1
    NO MINVALUE
    NO MAXVALUE
    CACHE 1
);


--
-- Name: django_migrations; Type: TABLE; Schema: public; Owner: postgres
--

CREATE TABLE public.django_migrations (
    id bigint NOT NULL,
    app character varying(255) NOT NULL,
    name character varying(255) NOT NULL,
    applied timestamp with time zone NOT NULL
);


ALTER TABLE public.django_migrations OWNER TO postgres;

--
-- Name: django_migrations_id_seq; Type: SEQUENCE; Schema: public; Owner: postgres
--

ALTER TABLE public.django_migrations ALTER COLUMN id ADD GENERATED BY DEFAULT AS IDENTITY (
    SEQUENCE NAME public.django_migrations_id_seq
    START WITH 1
    INCREMENT BY 1
    NO MINVALUE
    NO MAXVALUE
    CACHE 1
);


--
-- Name: django_session; Type: TABLE; Schema: public; Owner: postgres
--

CREATE TABLE public.django_session (
    session_key character varying(40) NOT NULL,
    session_data text NOT NULL,
    expire_date timestamp with time zone NOT NULL
);


ALTER TABLE public.django_session OWNER TO postgres;

--
-- Name: knowledge_base_article; Type: TABLE; Schema: public; Owner: postgres
--

CREATE TABLE public.knowledge_base_article (
    id bigint NOT NULL,
    title character varying(255) NOT NULL,
    category character varying(50) NOT NULL,
    subcategory character varying(100) NOT NULL,
    problem text NOT NULL,
    solution text NOT NULL,
    internal_notes text,
    status character varying(20) NOT NULL,
    created_at timestamp with time zone NOT NULL,
    updated_at timestamp with time zone NOT NULL,
    connectwise_id integer,
    author_id integer,
    category_fk_id bigint,
    subcategory_fk_id bigint
);


ALTER TABLE public.knowledge_base_article OWNER TO postgres;

--
-- Name: knowledge_base_article_id_seq; Type: SEQUENCE; Schema: public; Owner: postgres
--

ALTER TABLE public.knowledge_base_article ALTER COLUMN id ADD GENERATED BY DEFAULT AS IDENTITY (
    SEQUENCE NAME public.knowledge_base_article_id_seq
    START WITH 1
    INCREMENT BY 1
    NO MINVALUE
    NO MAXVALUE
    CACHE 1
);


--
-- Name: knowledge_base_kbcategory; Type: TABLE; Schema: public; Owner: postgres
--

CREATE TABLE public.knowledge_base_kbcategory (
    id bigint NOT NULL,
    name character varying(100) NOT NULL,
    description text,
    sort_order integer NOT NULL,
    CONSTRAINT knowledge_base_kbcategory_sort_order_check CHECK ((sort_order >= 0))
);


ALTER TABLE public.knowledge_base_kbcategory OWNER TO postgres;

--
-- Name: knowledge_base_kbcategory_id_seq; Type: SEQUENCE; Schema: public; Owner: postgres
--

ALTER TABLE public.knowledge_base_kbcategory ALTER COLUMN id ADD GENERATED BY DEFAULT AS IDENTITY (
    SEQUENCE NAME public.knowledge_base_kbcategory_id_seq
    START WITH 1
    INCREMENT BY 1
    NO MINVALUE
    NO MAXVALUE
    CACHE 1
);


--
-- Name: knowledge_base_kbsubcategory; Type: TABLE; Schema: public; Owner: postgres
--

CREATE TABLE public.knowledge_base_kbsubcategory (
    id bigint NOT NULL,
    name character varying(100) NOT NULL,
    sort_order integer NOT NULL,
    parent_id bigint NOT NULL,
    CONSTRAINT knowledge_base_kbsubcategory_sort_order_check CHECK ((sort_order >= 0))
);


ALTER TABLE public.knowledge_base_kbsubcategory OWNER TO postgres;

--
-- Name: knowledge_base_kbsubcategory_id_seq; Type: SEQUENCE; Schema: public; Owner: postgres
--

ALTER TABLE public.knowledge_base_kbsubcategory ALTER COLUMN id ADD GENERATED BY DEFAULT AS IDENTITY (
    SEQUENCE NAME public.knowledge_base_kbsubcategory_id_seq
    START WITH 1
    INCREMENT BY 1
    NO MINVALUE
    NO MAXVALUE
    CACHE 1
);


--
-- Name: service_desk_comment; Type: TABLE; Schema: public; Owner: postgres
--

CREATE TABLE public.service_desk_comment (
    id bigint NOT NULL,
    text text NOT NULL,
    created_at timestamp with time zone NOT NULL,
    is_internal boolean NOT NULL,
    author_id integer NOT NULL,
    ticket_id bigint NOT NULL
);


ALTER TABLE public.service_desk_comment OWNER TO postgres;

--
-- Name: service_desk_comment_id_seq; Type: SEQUENCE; Schema: public; Owner: postgres
--

ALTER TABLE public.service_desk_comment ALTER COLUMN id ADD GENERATED BY DEFAULT AS IDENTITY (
    SEQUENCE NAME public.service_desk_comment_id_seq
    START WITH 1
    INCREMENT BY 1
    NO MINVALUE
    NO MAXVALUE
    CACHE 1
);


--
-- Name: service_desk_csatsurvey; Type: TABLE; Schema: public; Owner: postgres
--

CREATE TABLE public.service_desk_csatsurvey (
    id bigint NOT NULL,
    rating smallint NOT NULL,
    comment text NOT NULL,
    submitted_at timestamp with time zone NOT NULL,
    submitted_by_id integer,
    ticket_id bigint NOT NULL,
    CONSTRAINT service_desk_csatsurvey_rating_check CHECK ((rating >= 0))
);


ALTER TABLE public.service_desk_csatsurvey OWNER TO postgres;

--
-- Name: service_desk_csatsurvey_id_seq; Type: SEQUENCE; Schema: public; Owner: postgres
--

ALTER TABLE public.service_desk_csatsurvey ALTER COLUMN id ADD GENERATED BY DEFAULT AS IDENTITY (
    SEQUENCE NAME public.service_desk_csatsurvey_id_seq
    START WITH 1
    INCREMENT BY 1
    NO MINVALUE
    NO MAXVALUE
    CACHE 1
);


--
-- Name: service_desk_globalsettings; Type: TABLE; Schema: public; Owner: postgres
--

CREATE TABLE public.service_desk_globalsettings (
    id bigint NOT NULL,
    maintenance_mode boolean NOT NULL,
    use_mock_data boolean NOT NULL,
    kb_recommendation_logic character varying(20) NOT NULL,
    support_phone character varying(20) NOT NULL,
    support_email character varying(254) NOT NULL,
    support_hours character varying(100) NOT NULL,
    updated_at timestamp with time zone NOT NULL
);


ALTER TABLE public.service_desk_globalsettings OWNER TO postgres;

--
-- Name: service_desk_globalsettings_id_seq; Type: SEQUENCE; Schema: public; Owner: postgres
--

ALTER TABLE public.service_desk_globalsettings ALTER COLUMN id ADD GENERATED BY DEFAULT AS IDENTITY (
    SEQUENCE NAME public.service_desk_globalsettings_id_seq
    START WITH 1
    INCREMENT BY 1
    NO MINVALUE
    NO MAXVALUE
    CACHE 1
);


--
-- Name: service_desk_notification; Type: TABLE; Schema: public; Owner: postgres
--

CREATE TABLE public.service_desk_notification (
    id bigint NOT NULL,
    title character varying(255) NOT NULL,
    message text NOT NULL,
    link character varying(255),
    is_read boolean NOT NULL,
    created_at timestamp with time zone NOT NULL,
    user_id integer NOT NULL
);


ALTER TABLE public.service_desk_notification OWNER TO postgres;

--
-- Name: service_desk_notification_id_seq; Type: SEQUENCE; Schema: public; Owner: postgres
--

ALTER TABLE public.service_desk_notification ALTER COLUMN id ADD GENERATED BY DEFAULT AS IDENTITY (
    SEQUENCE NAME public.service_desk_notification_id_seq
    START WITH 1
    INCREMENT BY 1
    NO MINVALUE
    NO MAXVALUE
    CACHE 1
);


--
-- Name: service_desk_ticket; Type: TABLE; Schema: public; Owner: postgres
--

CREATE TABLE public.service_desk_ticket (
    id bigint NOT NULL,
    title character varying(200) NOT NULL,
    description text NOT NULL,
    ticket_type character varying(50) NOT NULL,
    subtype character varying(50),
    item character varying(50),
    source character varying(20) NOT NULL,
    priority character varying(30) NOT NULL,
    status character varying(30) NOT NULL,
    connectwise_id integer,
    created_at timestamp with time zone NOT NULL,
    updated_at timestamp with time zone NOT NULL,
    submitter_id integer NOT NULL,
    technician_id integer,
    application_name character varying(100) NOT NULL,
    asset_tag character varying(50) NOT NULL,
    attachment character varying(100),
    computer_name character varying(100) NOT NULL,
    deltek_username character varying(100) NOT NULL,
    device_type character varying(100) NOT NULL,
    email_address character varying(254) NOT NULL,
    justification text NOT NULL,
    license_info text NOT NULL,
    location character varying(100) NOT NULL,
    mailbox_name character varying(100) NOT NULL,
    manager_name character varying(100) NOT NULL,
    printer_location character varying(100) NOT NULL,
    project_name character varying(100) NOT NULL,
    requested_access character varying(200) NOT NULL,
    software_name character varying(100) NOT NULL,
    board character varying(20) NOT NULL,
    first_response_at timestamp with time zone,
    closed_at timestamp with time zone
);


ALTER TABLE public.service_desk_ticket OWNER TO postgres;

--
-- Name: service_desk_ticket_id_seq; Type: SEQUENCE; Schema: public; Owner: postgres
--

ALTER TABLE public.service_desk_ticket ALTER COLUMN id ADD GENERATED BY DEFAULT AS IDENTITY (
    SEQUENCE NAME public.service_desk_ticket_id_seq
    START WITH 1
    INCREMENT BY 1
    NO MINVALUE
    NO MAXVALUE
    CACHE 1
);


--
-- Name: service_desk_userprofile; Type: TABLE; Schema: public; Owner: postgres
--

CREATE TABLE public.service_desk_userprofile (
    id bigint NOT NULL,
    connectwise_id character varying(50),
    title character varying(100) NOT NULL,
    department character varying(50) NOT NULL,
    location character varying(100) NOT NULL,
    phone_office character varying(20) NOT NULL,
    phone_mobile character varying(20) NOT NULL,
    avatar character varying(100),
    hire_date date,
    bio text NOT NULL,
    created_at timestamp with time zone NOT NULL,
    updated_at timestamp with time zone NOT NULL,
    user_id integer NOT NULL,
    company character varying(100) NOT NULL,
    manager_name character varying(100) NOT NULL,
    prefer_initials boolean NOT NULL
);


ALTER TABLE public.service_desk_userprofile OWNER TO postgres;

--
-- Name: service_desk_userprofile_id_seq; Type: SEQUENCE; Schema: public; Owner: postgres
--

ALTER TABLE public.service_desk_userprofile ALTER COLUMN id ADD GENERATED BY DEFAULT AS IDENTITY (
    SEQUENCE NAME public.service_desk_userprofile_id_seq
    START WITH 1
    INCREMENT BY 1
    NO MINVALUE
    NO MAXVALUE
    CACHE 1
);


--
-- Data for Name: auth_group; Type: TABLE DATA; Schema: public; Owner: postgres
--

COPY public.auth_group (id, name) FROM stdin;
1	Service Desk
\.


--
-- Data for Name: auth_group_permissions; Type: TABLE DATA; Schema: public; Owner: postgres
--

COPY public.auth_group_permissions (id, group_id, permission_id) FROM stdin;
\.


--
-- Data for Name: auth_permission; Type: TABLE DATA; Schema: public; Owner: postgres
--

COPY public.auth_permission (id, name, content_type_id, codename) FROM stdin;
1	Can add log entry	1	add_logentry
2	Can change log entry	1	change_logentry
3	Can delete log entry	1	delete_logentry
4	Can view log entry	1	view_logentry
5	Can add permission	2	add_permission
6	Can change permission	2	change_permission
7	Can delete permission	2	delete_permission
8	Can view permission	2	view_permission
9	Can add group	3	add_group
10	Can change group	3	change_group
11	Can delete group	3	delete_group
12	Can view group	3	view_group
13	Can add user	4	add_user
14	Can change user	4	change_user
15	Can delete user	4	delete_user
16	Can view user	4	view_user
17	Can add content type	5	add_contenttype
18	Can change content type	5	change_contenttype
19	Can delete content type	5	delete_contenttype
20	Can view content type	5	view_contenttype
21	Can add session	6	add_session
22	Can change session	6	change_session
23	Can delete session	6	delete_session
24	Can view session	6	view_session
25	Can add Service Ticket	7	add_ticket
26	Can change Service Ticket	7	change_ticket
27	Can delete Service Ticket	7	delete_ticket
28	Can view Service Ticket	7	view_ticket
29	Can add comment	8	add_comment
30	Can change comment	8	change_comment
31	Can delete comment	8	delete_comment
32	Can view comment	8	view_comment
33	Can add User Profile	9	add_userprofile
34	Can change User Profile	9	change_userprofile
35	Can delete User Profile	9	delete_userprofile
36	Can view User Profile	9	view_userprofile
37	Can add Global Settings	10	add_globalsettings
38	Can change Global Settings	10	change_globalsettings
39	Can delete Global Settings	10	delete_globalsettings
40	Can view Global Settings	10	view_globalsettings
41	Can add CSAT Survey	11	add_csatsurvey
42	Can change CSAT Survey	11	change_csatsurvey
43	Can delete CSAT Survey	11	delete_csatsurvey
44	Can view CSAT Survey	11	view_csatsurvey
45	Can add notification	12	add_notification
46	Can change notification	12	change_notification
47	Can delete notification	12	delete_notification
48	Can view notification	12	view_notification
49	Can add article	13	add_article
50	Can change article	13	change_article
51	Can delete article	13	delete_article
52	Can view article	13	view_article
53	Can add kb category	14	add_kbcategory
54	Can change kb category	14	change_kbcategory
55	Can delete kb category	14	delete_kbcategory
56	Can view kb category	14	view_kbcategory
57	Can add kb subcategory	15	add_kbsubcategory
58	Can change kb subcategory	15	change_kbsubcategory
59	Can delete kb subcategory	15	delete_kbsubcategory
60	Can view kb subcategory	15	view_kbsubcategory
\.


--
-- Data for Name: auth_user; Type: TABLE DATA; Schema: public; Owner: postgres
--

COPY public.auth_user (id, password, last_login, is_superuser, username, first_name, last_name, email, is_staff, is_active, date_joined) FROM stdin;
2	pbkdf2_sha256$1000000$ANi66MqaZ1orUq9RCgPgrX$oWP/fJCHGCu01mmy6QZbzEM5ffMGIZ6bIBoAPha0wiE=	2025-12-06 21:17:20.502-05	f	lorraine.baines	Lorraine	Baines	lorraine.baines@primeeng.com	t	t	2025-12-06 17:24:45.06-05
4	pbkdf2_sha256$1000000$jGpB3DnFw5FzTduTyAEbac$/KbEUJrfYq6U2LW/SJQJL0CpzyBok2D6E5vB/Mf/YJg=	\N	f	george.mcfly	George	McFly	george.mcfly@primeeng.com	t	t	2025-12-20 12:00:28.486-05
5	pbkdf2_sha256$1000000$eC69rYP2ZyTzKPbYbA3c1i$IpDoEmEgh1aucwyV17vuCexRNQQMywSs8424Y/shu/E=	\N	f	biff.tannen	Biff	Tannen	biff.tannen@primeeng.com	t	t	2025-12-20 12:00:28.808-05
6	pbkdf2_sha256$1000000$PovF6HoAtTKEUzZTqrtadT$SLZcXFZ7czBpULcNslJ9gl4T7EjvHSMmsIXPoIOihSA=	\N	f	jennifer.parker	Jennifer	Parker	jennifer.parker@primeeng.com	t	t	2025-12-20 12:00:29.127-05
7	pbkdf2_sha256$1000000$UmqvcKgCVM1eLkpw33ntof$52tLwGychKksFpXl3CIKNOi9DCSnn0/XzbuVIM7vi98=	\N	f	dave.mcfly	Dave	McFly	dave.mcfly@primeeng.com	t	t	2025-12-20 12:00:29.45-05
8	pbkdf2_sha256$1000000$M6msjjrzY2WM7lCiOLe698$NTV0LkrOJBqqA+n6iAIfLQTldbYWSu1h9LRlJ38Ixj4=	\N	f	linda.mcfly	Linda	McFly	linda.mcfly@primeeng.com	f	t	2025-12-20 12:00:29.761-05
9	pbkdf2_sha256$1000000$640T856kkdFVKD686XfjUQ$SZ+nG7u2tlM/dI+MuBgSvgrQcGtzrqiUxXj1uck1aeY=	\N	f	gerald.strickland	Gerald	Strickland	gerald.strickland@primeeng.com	t	t	2025-12-20 12:00:30.074-05
10	pbkdf2_sha256$1000000$0seXbC3RZqb4hYnGiMwAyG$AGuiFeBsuSfYpSgRp3Y02hy+4dKAN9HCE0sxKcR3v4Q=	\N	f	sam.baines	Sam	Baines	sam.baines@primeeng.com	f	t	2025-12-20 12:00:30.402-05
12	pbkdf2_sha256$1000000$Hiqlt3mLt4odmn7gYI8uAp$L9qTPyQb8OSl173MNundB3V86UoRhhRtGp2f9GpiDHg=	\N	f	goldie.wilson	Goldie	Wilson	goldie.wilson@primeeng.com	f	t	2025-12-20 12:00:31.054-05
14	pbkdf2_sha256$1000000$pGXfYyePQcVwcmjL7AVjjl$RkKTG14ebMGXV6dEe1i4fHSiVg2eBRsS+i9coNNH1Mg=	\N	f	clara.clayton	Clara	Clayton	clara.clayton@hillvalley.com	f	t	2025-12-21 15:52:41.378-05
15	pbkdf2_sha256$1000000$bIfVJNabTtjT7M0IS2UpUY$oElt2KcFPCPmCeH8n4wC/Qf1Or1tb3lx/AZ94my3Fow=	\N	f	needles	Douglas	Needles	needles@hillvalley.com	f	t	2025-12-21 15:52:41.696-05
11	pbkdf2_sha256$1000000$ABXbQt90Gig3qLF8oWVekw$TaqdcOTBv7cA0HM52tfcwFhMeJmG9nXa0KsZgMqX2cM=	\N	f	stella.baines	Stella	Baines	stella.baines@primeeng.com	f	t	2025-12-20 12:00:30.742-05
3	pbkdf2_sha256$1000000$X7s4AMwsqYsVgv2z9Jub64$OQ8bsx29THACFX1Q/+nAG5ap/Ah9JbcJbDNl2oz1+rg=	2025-12-25 19:47:14.245325-05	f	doc.brown	Doc	Brown	doc.brown@primeeng.com	t	t	2025-12-07 16:10:37.924-05
1	pbkdf2_sha256$1000000$ISCfnNN44G8I9XyMiOjeqg$DYpCog1I/TSu+wYnICZppHm6YA9moitOS86LzVqZQFs=	2025-12-26 10:15:51.802501-05	t	marty.mcfly	Marty	McFly	marty.mcfly@primeeng.com	t	t	2025-12-06 12:26:36.26-05
\.


--
-- Data for Name: auth_user_groups; Type: TABLE DATA; Schema: public; Owner: postgres
--

COPY public.auth_user_groups (id, user_id, group_id) FROM stdin;
1	1	1
2	2	1
3	3	1
4	6	1
5	12	1
\.


--
-- Data for Name: auth_user_user_permissions; Type: TABLE DATA; Schema: public; Owner: postgres
--

COPY public.auth_user_user_permissions (id, user_id, permission_id) FROM stdin;
\.


--
-- Data for Name: django_admin_log; Type: TABLE DATA; Schema: public; Owner: postgres
--

COPY public.django_admin_log (id, action_time, object_id, object_repr, action_flag, change_message, content_type_id, user_id) FROM stdin;
6	2025-12-06 17:18:56.572-05	1	richard.haynes	2	Updated via Service Portal	4	1
7	2025-12-06 17:19:22.257-05	1	richard.haynes	2	Updated via Service Portal	4	1
8	2025-12-06 17:24:45.525-05	4	lorraine.baines	1	Created via Service Portal	4	1
9	2025-12-06 17:26:01.468-05	1	richard.haynes	2	Updated via Service Portal	4	1
10	2025-12-06 20:46:27.002-05	2	marty.mcfly	2	Updated via Service Portal	4	1
11	2025-12-06 20:48:14.248-05	1	richard.haynes	2	Updated via Service Portal	4	1
12	2025-12-06 20:59:34.934-05	1	richard.haynes	3	Deleted via Service Portal	4	1
13	2025-12-06 21:09:00.862-05	4	lorraine.baines	2	Updated via Service Portal	4	1
14	2025-12-07 16:10:38.408-05	5	doc.brown	1	Created via Service Portal	4	1
15	2025-12-19 20:18:57.112-05	45	3D Mouse: SpaceMouse Not Working in 3ds Max	2	Updated via KB Editor	13	1
16	2025-12-19 22:44:11.577-05	45	3D Mouse: SpaceMouse Not Working in 3ds Max	2	Updated via KB Editor	13	1
17	2025-12-19 22:45:35.249-05	45	3D Mouse: SpaceMouse Not Working in 3ds Max	2	Updated via KB Editor	13	1
18	2025-12-20 09:33:47.901-05	45	3D Mouse: SpaceMouse Not Working in 3ds Max	2	Updated via KB Editor	13	1
19	2025-12-20 12:18:49.843-05	6	george.mcfly	2	Modified via Service Portal	4	1
20	2025-12-20 12:19:14.505-05	6	george.mcfly	2	Modified via Service Portal	4	1
21	2025-12-20 12:20:42.207-05	11	gerald.strickland	2	Modified via Service Portal	4	1
22	2025-12-20 12:33:19.795-05	8	jennifer.parker	2	Modified via Service Portal	4	1
23	2025-12-20 12:45:01.379-05	9	dave.mcfly	2	Modified via Service Portal	4	1
24	2025-12-20 12:45:29.226-05	9	dave.mcfly	2	Modified via Service Portal	4	1
25	2025-12-20 20:06:09.363-05	7	biff.tannen	2	Modified via Service Portal	4	1
\.


--
-- Data for Name: django_content_type; Type: TABLE DATA; Schema: public; Owner: postgres
--

COPY public.django_content_type (id, app_label, model) FROM stdin;
1	admin	logentry
2	auth	permission
3	auth	group
4	auth	user
5	contenttypes	contenttype
6	sessions	session
7	service_desk	ticket
8	service_desk	comment
9	service_desk	userprofile
10	service_desk	globalsettings
11	service_desk	csatsurvey
12	service_desk	notification
13	knowledge_base	article
14	knowledge_base	kbcategory
15	knowledge_base	kbsubcategory
\.


--
-- Data for Name: django_migrations; Type: TABLE DATA; Schema: public; Owner: postgres
--

COPY public.django_migrations (id, app, name, applied) FROM stdin;
1	contenttypes	0001_initial	2025-12-25 12:11:53.656357-05
2	auth	0001_initial	2025-12-25 12:11:53.72499-05
3	admin	0001_initial	2025-12-25 12:11:53.74701-05
4	admin	0002_logentry_remove_auto_add	2025-12-25 12:11:53.753481-05
5	admin	0003_logentry_add_action_flag_choices	2025-12-25 12:11:53.759585-05
6	contenttypes	0002_remove_content_type_name	2025-12-25 12:11:53.772416-05
7	auth	0002_alter_permission_name_max_length	2025-12-25 12:11:53.779293-05
8	auth	0003_alter_user_email_max_length	2025-12-25 12:11:53.784964-05
9	auth	0004_alter_user_username_opts	2025-12-25 12:11:53.790347-05
10	auth	0005_alter_user_last_login_null	2025-12-25 12:11:53.797134-05
11	auth	0006_require_contenttypes_0002	2025-12-25 12:11:53.797994-05
12	auth	0007_alter_validators_add_error_messages	2025-12-25 12:11:53.803419-05
13	auth	0008_alter_user_username_max_length	2025-12-25 12:11:53.811921-05
14	auth	0009_alter_user_last_name_max_length	2025-12-25 12:11:53.820374-05
15	auth	0010_alter_group_name_max_length	2025-12-25 12:11:53.826662-05
16	auth	0011_update_proxy_permissions	2025-12-25 12:11:53.838069-05
17	auth	0012_alter_user_first_name_max_length	2025-12-25 12:11:53.844864-05
18	knowledge_base	0001_initial	2025-12-25 12:11:53.861736-05
19	knowledge_base	0002_alter_article_connectwise_id_and_more	2025-12-25 12:11:53.887431-05
20	knowledge_base	0003_kbcategory_article_category_fk_kbsubcategory_and_more	2025-12-25 12:11:53.927892-05
21	service_desk	0001_initial	2025-12-25 12:11:53.947319-05
22	service_desk	0002_alter_ticket_options_ticket_technician_and_more	2025-12-25 12:11:54.036717-05
23	service_desk	0003_userprofile	2025-12-25 12:11:54.064661-05
24	service_desk	0004_globalsettings	2025-12-25 12:11:54.073538-05
25	service_desk	0005_alter_globalsettings_use_mock_data	2025-12-25 12:11:54.076233-05
26	service_desk	0006_ticket_application_name_ticket_asset_tag_and_more	2025-12-25 12:11:54.192218-05
27	service_desk	0007_alter_ticket_options_ticket_board_and_more	2025-12-25 12:11:54.299827-05
28	service_desk	0008_ticket_first_response_at	2025-12-25 12:11:54.309592-05
29	service_desk	0009_ticket_closed_at	2025-12-25 12:11:54.318358-05
30	service_desk	0010_userprofile_company_userprofile_manager_name_and_more	2025-12-25 12:11:54.341945-05
31	service_desk	0011_alter_ticket_ticket_type	2025-12-25 12:11:54.34986-05
32	service_desk	0012_notification	2025-12-25 12:11:54.365839-05
33	sessions	0001_initial	2025-12-25 12:11:54.373295-05
\.


--
-- Data for Name: django_session; Type: TABLE DATA; Schema: public; Owner: postgres
--

COPY public.django_session (session_key, session_data, expire_date) FROM stdin;
0zu5e08dzpzmnu7acn9yy5f6epymsjx0	.eJxVjMsOgjAQAP9lz6Zhoa_l6N1vaNrd1qIGEgon478bEg56nZnMG0Lctxr2ltcwCYyAcPllKfIzz4eQR5zvi-Jl3tYpqSNRp23qtkh-Xc_2b1BjqzCCTk5T7jTaPiMh-44Mc_FD70kcWUYnXiI5U6wQWiHyzjIORbSWwcDnC8FDNxc:1vNWSq:3RHw-IHj0uzGbSg2LCwKIbGcDsn5exIppTCFe-esU6g	2025-12-08 08:18:44.734-05
1shaz05sdtysmrnjb6tm2fsh1m3gzsyv	.eJxVjMsOgjAQAP9lz6Zhoa_l6N1vaNrd1qIGEgon478bEg56nZnMG0Lctxr2ltcwCYyAcPllKfIzz4eQR5zvi-Jl3tYpqSNRp23qtkh-Xc_2b1BjqzCCTk5T7jTaPiMh-44Mc_FD70kcWUYnXiI5U6wQWiHyzjIORbSWwcDnC8FDNxc:1vLBPh:gNmcxz5QZDaNofuX2FR4fDopMD9NKeqXeJVa-s9iDZM	2025-12-01 21:25:49.598-05
9wfwplkg0fuftuu35hhv510b9a85cgz9	.eJxVjMsOgjAQAP9lz6Zhoa_l6N1vaNrd1qIGEgon478bEg56nZnMG0Lctxr2ltcwCYyAcPllKfIzz4eQR5zvi-Jl3tYpqSNRp23qtkh-Xc_2b1BjqzCCTk5T7jTaPiMh-44Mc_FD70kcWUYnXiI5U6wQWiHyzjIORbSWwcDnC8FDNxc:1vPkfM:fnXREzQ16LWmNwuNY9y3-z00d07J2Sb-bXfDl5ZmBMA	2025-12-14 11:52:52.423-05
cu3gqjg7mkyacfxn92j3heuljt5huell	.eJxVjMsOgjAQAP9lz6Zhoa_l6N1vaNrd1qIGEgon478bEg56nZnMG0Lctxr2ltcwCYyAcPllKfIzz4eQR5zvi-Jl3tYpqSNRp23qtkh-Xc_2b1BjqzCCTk5T7jTaPiMh-44Mc_FD70kcWUYnXiI5U6wQWiHyzjIORbSWwcDnC8FDNxc:1vNgYl:IcGXyV74UMvBs0dOY46QuxiLz1Czo4KwEwOvQEixXJU	2025-12-08 19:05:31.119-05
f3nj4yiwk2dscimua5vq4ngtu06orp10	.eJxVjLsOwjAMAP_FM4qatHGgIzvfUNmxTQsokfqYEP-OKnWA9e50bxhoW8dhW3QeJoEeApx-GVN-atmFPKjcq8u1rPPEbk_cYRd3q6Kv69H-DUZaRughecNg1lhEUfHUslGS0J3lQuxDE6MJms-MasxIvsvYiJJg8m1MAp8vEJY5Fw:1vYEJW:lj9yv_q-5N19KNgMzzuv9_36cbj9-fNvefsdT81MRfU	2026-01-06 21:09:22.477-05
fb73jbmt2opo1nqmsc2riegh5a3v5232	.eJxVjLsOwjAMAP_FM4qatHGgIzvfUNmxTQsokfqYEP-OKnWA9e50bxhoW8dhW3QeJoEeApx-GVN-atmFPKjcq8u1rPPEbk_cYRd3q6Kv69H-DUZaRughecNg1lhEUfHUslGS0J3lQuxDE6MJms-MasxIvsvYiJJg8m1MAp8vEJY5Fw:1vSM55:ztd_UfBNaiT_SJGc_x08vWrAnmCi7q5AXcAWaIj3MQE	2025-12-21 16:14:11.459-05
fi7pct66wz7666duyxga0gg996nv9q0b	.eJxVjMsOgjAQAP9lz6Zhoa_l6N1vaNrd1qIGEgon478bEg56nZnMG0Lctxr2ltcwCYyAcPllKfIzz4eQR5zvi-Jl3tYpqSNRp23qtkh-Xc_2b1BjqzCCTk5T7jTaPiMh-44Mc_FD70kcWUYnXiI5U6wQWiHyzjIORbSWwcDnC8FDNxc:1vLYYX:uCXAGe2_zYYmavDu55ivcEw0UuRbfOOn-FtjDGpGzC8	2025-12-02 22:08:29.389-05
i9i7rq63opcf8cd9meegrjrfltfrtyld	.eJxVjMsOgjAQAP9lz6Zhoa_l6N1vaNrd1qIGEgon478bEg56nZnMG0Lctxr2ltcwCYyAcPllKfIzz4eQR5zvi-Jl3tYpqSNRp23qtkh-Xc_2b1BjqzCCTk5T7jTaPiMh-44Mc_FD70kcWUYnXiI5U6wQWiHyzjIORbSWwcDnC8FDNxc:1vNAUq:FHHeBziZbMKDN-9m3xfQCc4M8qHSNIH2drCY32wxkrI	2025-12-07 08:51:20.519-05
j8r0tv8vy2awz93by9vvqtz6wgpy68fy	.eJxVjLsOwjAMAP_FM4qatHGgIzvfUNmxTQsokfqYEP-OKnWA9e50bxhoW8dhW3QeJoEeApx-GVN-atmFPKjcq8u1rPPEbk_cYRd3q6Kv69H-DUZaRughecNg1lhEUfHUslGS0J3lQuxDE6MJms-MasxIvsvYiJJg8m1MAp8vEJY5Fw:1vXPLj:91oHzqgan45E6HW3YNr3TosUXVY4Q25cI3-eC9D3vmM	2026-01-04 14:44:15.377-05
mgagmrfjfq5sr8m66j4wcv2rnp5sq6a5	.eJxVjMsOgjAQAP9lz6Zhoa_l6N1vaNrd1qIGEgon478bEg56nZnMG0Lctxr2ltcwCYyAcPllKfIzz4eQR5zvi-Jl3tYpqSNRp23qtkh-Xc_2b1BjqzCCTk5T7jTaPiMh-44Mc_FD70kcWUYnXiI5U6wQWiHyzjIORbSWwcDnC8FDNxc:1vQbMc:9i-SBC74F2nby4KyPzsULfmf2fPf8f-Pq9pukWsT_Pw	2025-12-16 20:09:02.084-05
p12c86631ba8h7scttfmraayyksixw4z	.eJxVjMsOgjAQAP9lz6Zhoa_l6N1vaNrd1qIGEgon478bEg56nZnMG0Lctxr2ltcwCYyAcPllKfIzz4eQR5zvi-Jl3tYpqSNRp23qtkh-Xc_2b1BjqzCCTk5T7jTaPiMh-44Mc_FD70kcWUYnXiI5U6wQWiHyzjIORbSWwcDnC8FDNxc:1vOntJ:CDCoaPozm7q7WNdUVLwXAIMN5JHnyE8UwThYS9gaF4A	2025-12-11 21:07:21.53-05
pusftrrffhcgtr89hyu46jntd3h4fmxq	.eJxVjLsOwjAMAP_FM4qatHGgIzvfUNmxTQsokfqYEP-OKnWA9e50bxhoW8dhW3QeJoEeApx-GVN-atmFPKjcq8u1rPPEbk_cYRd3q6Kv69H-DUZaRughecNg1lhEUfHUslGS0J3lQuxDE6MJms-MasxIvsvYiJJg8m1MAp8vEJY5Fw:1vTUuK:SEmM285X1XVKcZzi4VTi8OybrU99LELDwQNFm3TPMMA	2025-12-24 19:51:48.218-05
qegm3gv4coc5gofbkrogdjsg3036n505	.eJxVjMsOgjAQAP9lz6Zhoa_l6N1vaNrd1qIGEgon478bEg56nZnMG0Lctxr2ltcwCYyAcPllKfIzz4eQR5zvi-Jl3tYpqSNRp23qtkh-Xc_2b1BjqzCCTk5T7jTaPiMh-44Mc_FD70kcWUYnXiI5U6wQWiHyzjIORbSWwcDnC8FDNxc:1vPjHu:9kTAj8MXxoq8Qq7o58sencsk6qkoeKkgWiwLQaFsABo	2025-12-14 10:24:34.413-05
rum7ikp6b7t9x1m11dgb0ubpwevv2qli	.eJxVjMsOgjAQAP9lz6Zhoa_l6N1vaNrd1qIGEgon478bEg56nZnMG0Lctxr2ltcwCYyAcPllKfIzz4eQR5zvi-Jl3tYpqSNRp23qtkh-Xc_2b1BjqzCCTk5T7jTaPiMh-44Mc_FD70kcWUYnXiI5U6wQWiHyzjIORbSWwcDnC8FDNxc:1vP38m:r7O5stQH1Se80uGAj5CQUhrjVBHHsIqotjKUPp-jZ1I	2025-12-12 13:24:20.492-05
snztcy2ygx7t55cdcc9pg0glfomijgia	.eJxVjLsOwjAMAP_FM4qatHGgIzvfUNmxTQsokfqYEP-OKnWA9e50bxhoW8dhW3QeJoEeApx-GVN-atmFPKjcq8u1rPPEbk_cYRd3q6Kv69H-DUZaRughecNg1lhEUfHUslGS0J3lQuxDE6MJms-MasxIvsvYiJJg8m1MAp8vEJY5Fw:1vXuWm:utwKa3NiG9FRaRDyhsWsLqJm5GTH4UJaqIkLyjH4yPA	2026-01-06 00:01:44.512-05
vu4ebwpew2yvsnjdvrcibtg8rqxk5117	.eJxVjMsOgjAQAP9lz6Zhoa_l6N1vaNrd1qIGEgon478bEg56nZnMG0Lctxr2ltcwCYyAcPllKfIzz4eQR5zvi-Jl3tYpqSNRp23qtkh-Xc_2b1BjqzCCTk5T7jTaPiMh-44Mc_FD70kcWUYnXiI5U6wQWiHyzjIORbSWwcDnC8FDNxc:1vQUzS:1GB1h7tjxKxAe1hKywgFMD-Y4pAe2sgsw5YwWwEjyu0	2025-12-16 13:20:42.226-05
ybchlbfb8xh7ifid25ujquan60q5m29s	.eJxVjMsOgjAQAP9lz6Zhoa_l6N1vaNrd1qIGEgon478bEg56nZnMG0Lctxr2ltcwCYyAcPllKfIzz4eQR5zvi-Jl3tYpqSNRp23qtkh-Xc_2b1BjqzCCTk5T7jTaPiMh-44Mc_FD70kcWUYnXiI5U6wQWiHyzjIORbSWwcDnC8FDNxc:1vPVsC:0HYq51BEWzHD0znh2n4XYNTwene54e5yvLuWUeOyW0k	2025-12-13 20:05:08.599-05
jxz67wxggf6hfbgu70i5um6287k3nfv2	.eJxVjEsKwjAUAO_y1hLIp03SpXvPEN4PU5UE-lmJd5dCF7qdGeYNBfetln3VpcwCE1i4_DJCfmo7hDyw3bvh3rZlJnMk5rSruXXR1_Vs_wYV1woTJJWAozCh8hBd8JxYhuCUEmsePRL6KFYd2eRcDMmq5Jw0ZBvIe4TPFw7YOGY:1vYslF:VkkZqX-4eT1I6IYClyIQF9itZzUvsZ-bZwW3VylWKHc	2026-01-08 16:20:41.159815-05
iobqaxpa103b6djeehle9sa2qnr9qi5k	.eJxVjEsKwjAUAO_y1hLIp03SpXvPEN4PU5UE-lmJd5dCF7qdGeYNBfetln3VpcwCE1i4_DJCfmo7hDyw3bvh3rZlJnMk5rSruXXR1_Vs_wYV1woTJJWAozCh8hBd8JxYhuCUEmsePRL6KFYd2eRcDMmq5Jw0ZBvIe4TPFw7YOGY:1vYw0R:O99MJFzPu3RglzV048XxUK9jqANVmboEy61lYkVe7FE	2026-01-08 19:48:35.052061-05
mh4omziud94xws1su2bre7x58hthlpxm	.eJxVjEsKwjAUAO_y1hLIp03SpXvPEN4PU5UE-lmJd5dCF7qdGeYNBfetln3VpcwCE1i4_DJCfmo7hDyw3bvh3rZlJnMk5rSruXXR1_Vs_wYV1woTJJWAozCh8hBd8JxYhuCUEmsePRL6KFYd2eRcDMmq5Jw0ZBvIe4TPFw7YOGY:1vYyRK:t51RVEdf4K-LPepZAG2qHrnDCM65nrwU_Kv7sp_6-TY	2026-01-08 22:24:30.225206-05
9iragckswlflw6ww109f08khth7lutvo	.eJxVjEsKwjAUAO_y1hLIp03SpXvPEN4PU5UE-lmJd5dCF7qdGeYNBfetln3VpcwCE1i4_DJCfmo7hDyw3bvh3rZlJnMk5rSruXXR1_Vs_wYV1woTJJWAozCh8hBd8JxYhuCUEmsePRL6KFYd2eRcDMmq5Jw0ZBvIe4TPFw7YOGY:1vZ9Xj:b8JChNAz7q_MR7giMYCqR0-7uMcW4ZkDeeAslsY4gy8	2026-01-09 10:15:51.817717-05
\.


--
-- Data for Name: knowledge_base_article; Type: TABLE DATA; Schema: public; Owner: postgres
--

COPY public.knowledge_base_article (id, title, category, subcategory, problem, solution, internal_notes, status, created_at, updated_at, connectwise_id, author_id, category_fk_id, subcategory_fk_id) FROM stdin;
1	AutoCAD: How to Reset to Default Settings	Design Applications	Autodesk (AutoCAD, Revit, Civil 3D)	AutoCAD is experiencing issues such as: Toolbars or ribbons are missing; The program is slow, freezes, or crashes; Custom settings have become corrupt.	Close all AutoCAD applications. Open the Windows Start Menu. Navigate to the folder for your AutoCAD version (e.g., AutoCAD 20xx). Click the application named "Reset Settings to Default". Choose "Back up and Reset Custom Settings".	Source: https://www.autodesk.com/support/technical/article/caas/sfdcarticles/sfdcarticles/How-to-reset-AutoCAD-to-defaults.html	Approved	2025-11-30 14:37:37.579-05	2025-12-19 19:51:43.331-05	\N	\N	1	1
2	Civil 3D: How to Clean and Repair a Corrupt Drawing	Design Applications	Autodesk (AutoCAD, Revit, Civil 3D)	Drawing is slow to open, crashes, or has errors.	1. AUDIT (Type Y). 2. -PURGE (RegApps). 3. PURGE (All). 4. WBLOCK (if needed).	Source: https://c3dkb.dot.wi.gov/Content/c3d/fil-sftwr-mgt/fil-sftwr-mgt-fix-dmgd-crpt-dwgs.htm	Approved	2025-11-30 14:37:37.582-05	2025-12-19 19:51:43.334-05	\N	\N	1	1
3	Revit: How to Improve Slow Performance in a Model	Design Applications	Autodesk (AutoCAD, Revit, Civil 3D)	Model is slow to sync, save, or navigate.	Audit model on open. Purge Unused (3x). Review Warnings. Close inactive views.	Source: https://www.autodesk.com/support/technical/article/caas/sfdcarticles/sfdcarticles/How-to-improve-optimize-or-troubleshoot-model-performance-in-Revit.html	Approved	2025-11-30 14:37:37.584-05	2025-12-19 19:51:43.337-05	\N	\N	1	1
4	AutoCAD: Command Line is Missing or Has Disappeared	Design Applications	Autodesk (AutoCAD, Revit, Civil 3D)	Command line is gone.	Press Ctrl+9 to toggle it back on. If that fails, type COMMANDLINE.	Source: https://www.autodesk.com/support/technical/article/caas/sfdcarticles/sfdcarticles/Command-line-is-missing-in-AutoCAD.html	Approved	2025-11-30 14:37:37.585-05	2025-12-19 19:51:43.339-05	\N	\N	1	1
5	AutoCAD: Plot Style (CTB/STB File) is Missing or Not Found	Design Applications	Autodesk (AutoCAD, Revit, Civil 3D)	Plot style dropdown is blank.	OPTIONS > Files > Printer Support File Path > Plot Style Table Search Path. Add correct network path.	Source: https://www.autodesk.com/support/technical/article/caas/sfdcarticles/sfdcarticles/Error-CTB-or-STB-file-in-AutoCAD-is-not-found-or-missing.html	Approved	2025-11-30 14:37:37.588-05	2025-12-19 19:51:43.342-05	\N	\N	1	1
6	AutoCAD: FATAL ERROR - Unhandled Access Violation	Design Applications	Autodesk (AutoCAD, Revit, Civil 3D)	AutoCAD crashes on startup with Fatal Error.	1. Disable Hardware Acceleration (/nohardware switch). 2. Update Graphics Driver. 3. Reset User Profile.	Source: https://www.autodesk.com/support/technical/article/caas/sfdcarticles/sfdcarticles/Fatal-Error-Unhandled-Access-Violation-Reading-0x0000-Exception-at-bcbdad73h.html	Approved	2025-11-30 14:37:37.59-05	2025-12-19 19:51:43.345-05	\N	\N	1	1
7	AutoCAD: Cursor is Laggy, Jittery, or Slow	Design Applications	Autodesk (AutoCAD, Revit, Civil 3D)	Mouse lags or jumps.	GRAPHICSCONFIG > Toggle Hardware Acceleration. Set 2D Display to "Advanced".	Source: https://www.autodesk.com/support/technical/article/caas/sfdcarticles/sfdcarticles/Cursor-is-slow-or-jerky-in-AutoCAD-based-products.html	Approved	2025-11-30 14:37:37.592-05	2025-12-19 19:51:43.347-05	\N	\N	1	1
8	Revit: Error "Cannot Synchronize with Central"	Design Applications	Autodesk (AutoCAD, Revit, Civil 3D)	Sync fails or hangs.	1. Check Network. 2. Check Worksharing Monitor. 3. Clear Local File (Delete local copy and create new local).	Source: https://www.autodesk.com/support/technical/article/caas/sfdcarticles/sfdcarticles/Revit-Error-Model-Is-Not-Currently-Available.html	Approved	2025-11-30 14:37:37.593-05	2025-11-30 14:37:37.593-05	\N	\N	1	1
9	Revit: Element is Not Visible in a View	Design Applications	Autodesk (AutoCAD, Revit, Civil 3D)	Element exists but is hidden.	Check: 1. Hidden Elements (Lightbulb). 2. VG (Categories). 3. View Range. 4. Filters.	Source: https://hyperfinearchitecture.com/revit-how-to-fix-elements-not-visible/	Approved	2025-11-30 14:37:37.595-05	2025-11-30 14:37:37.595-05	\N	\N	1	1
10	Revit: Linked Model is Not Found or Unloaded	Design Applications	Autodesk (AutoCAD, Revit, Civil 3D)	Link missing.	Manage Links > Reload From. Navigate to correct path. Use UNC paths if possible.	Source: https://www.autodesk.com/support/technical/article/caas/sfdcarticles/sfdcarticles/Linked-document-not-found-link-will-be-unloaded-appears-when-trying-to-reload-a-linked-BIM-360-model-in-Revit.html	Approved	2025-11-30 14:37:37.597-05	2025-11-30 14:37:37.597-05	\N	\N	1	1
11	Revit: How to Repair a Corrupt Family (RFA) File	Design Applications	Autodesk (AutoCAD, Revit, Civil 3D)	Family crashes project.	Open Family (Audit checked). Purge Unused. Save As new file. Load into project.	Source: https://revitgamers.com/revit-file-corruption/	Approved	2025-11-30 14:37:37.599-05	2025-12-19 19:51:43.351-05	\N	\N	1	1
12	Civil 3D: Data Shortcuts are Broken or Missing	Design Applications	Autodesk (AutoCAD, Revit, Civil 3D)	Broken link icons in Prospector.	Set Working Folder. Validate Data Shortcuts. Repair Broken Reference.	Source: https://resources.imaginit.com/support-blog/civil-3d-surface-disappears-when-data-shortcut-is-refreshed	Approved	2025-11-30 14:37:37.601-05	2025-12-19 19:51:43.353-05	\N	\N	1	1
13	Civil 3D: Surface is Not Displaying (No Contours)	Design Applications	Autodesk (AutoCAD, Revit, Civil 3D)	Surface invisible.	1. Check Surface Style (Display tab). 2. Check Layers (On/Thawed). 3. Rebuild Surface.	Source: https://www.autodesk.com/support/technical/article/caas/sfdcarticles/sfdcarticles/Surface-contours-are-not-displayed-in-Autodesk-Civil-3D.html	Approved	2025-11-30 14:37:37.603-05	2025-12-19 19:51:43.356-05	\N	\N	1	1
14	Civil 3D: Drawing Contains Proxy Objects	Design Applications	Autodesk (AutoCAD, Revit, Civil 3D)	Proxy Information popup.	Install Object Enabler for your version.	Source: https://help.autodesk.com/view/OARX/2026/ENU/?guid=GUID-1F538CB9-4436-4FF6-8E51-4F5F37191926	Approved	2025-11-30 14:37:37.605-05	2025-11-30 14:37:37.605-05	\N	\N	1	1
15	Civil 3D: Survey Database is Locked or Read-Only	Design Applications	Autodesk (AutoCAD, Revit, Civil 3D)	Locked database.	Close Civil 3D. Delete .ldb or .mdw files in survey folder.	Source: https://www.autodesk.com/support/technical/article/caas/sfdcarticles/sfdcarticles/Cannot-edit-survey-code-sets-or-databases.html	Approved	2025-11-30 14:37:37.607-05	2025-12-19 19:51:43.359-05	\N	\N	1	1
16	Microsoft Office: How to Run an Online Repair	Business & Admin Software	Microsoft 365 (Office, Teams, OneDrive)	Office crashing.	Settings > Apps > Modify > Online Repair.	Source: https://support.microsoft.com/en-us/office/repair-an-office-application-7821d4b6-7c1d-4205-aa0e-a6b40c5bb88b	Approved	2025-11-30 14:37:37.608-05	2025-12-19 19:51:43.362-05	\N	\N	2	2
17	Microsoft Office: How to Recover an Unsaved Document	Business & Admin Software	Microsoft 365 (Office, Teams, OneDrive)	Lost work after crash.	File > Info > Manage Document > Recover Unsaved Documents.	Source: https://support.microsoft.com/en-us/office/recover-your-office-files-dc90180f-3f96-480c-b2c3-1c29757f5c81	Approved	2025-11-30 14:37:37.61-05	2025-12-19 19:51:43.365-05	\N	\N	2	2
18	Excel: File is "Locked for Editing" by Another User	Business & Admin Software	Microsoft 365 (Office, Teams, OneDrive)	Ghost lock file.	Delete hidden ~$ file in folder.	Source: https://support.microsoft.com/en-us/office/excel-file-is-locked-for-editing-6fa938AB-6AB0-4D2A-B3DA-25DAA3F45693	Approved	2025-11-30 14:37:37.612-05	2025-12-19 19:51:43.367-05	\N	\N	2	2
19	OneDrive: How to Reset a "Stuck" Sync	Business & Admin Software	Microsoft 365 (Office, Teams, OneDrive)	Not syncing.	Run: %localappdata%\\Microsoft\\OneDrive\\onedrive.exe /reset	Source: https://support.microsoft.com/en-us/office/reset-onedrive-34701e00-bf7b-42db-b960-84905399050c	Approved	2025-11-30 14:37:37.614-05	2025-12-19 19:51:43.37-05	\N	\N	2	2
20	Outlook: How to Create a New Mail Profile	Business & Admin Software	Email & Outlook	Corrupt profile.	Control Panel > Mail > Show Profiles > Add.	Source: https://support.microsoft.com/en-us/office/create-an-outlook-profile-f544c1ba-3352-4b3b-be0b-8d42a540459d	Approved	2025-11-30 14:37:37.616-05	2025-12-19 19:51:43.372-05	\N	\N	2	3
21	Outlook: How to Rebuild the Search Index	Business & Admin Software	Email & Outlook	Search broken.	File > Options > Search > Indexing Options > Rebuild.	Source: https://support.microsoft.com/en-us/office/fix-search-issues-in-outlook-by-rebuilding-your-index-2913adaf-0d49-4a30-b21a-1f8e3f8832ed	Approved	2025-11-30 14:37:37.618-05	2025-12-19 19:51:43.375-05	\N	\N	2	3
22	Outlook: How to Clear the Auto-Complete Cache	Business & Admin Software	Email & Outlook	Bad email suggestions.	File > Options > Mail > Empty Auto-Complete List.	Source: https://support.microsoft.com/en-us/office/manage-suggested-recipients-in-the-to-cc-and-bcc-boxes-with-auto-complete-dde4627b-491b-4b21-823a-7d0922851d14	Approved	2025-11-30 14:37:37.62-05	2025-12-19 19:51:43.378-05	\N	\N	2	3
23	Outlook: How to Recall a Sent Message	Business & Admin Software	Email & Outlook	Sent mistake.	Open message > Actions > Recall This Message.	Source: https://support.microsoft.com/en-us/office/recall-or-replace-an-email-message-that-you-sent-35027f88-d655-4554-b4f8-6c0729a723a0	Approved	2025-11-30 14:37:37.622-05	2025-12-19 19:51:43.38-05	\N	\N	2	3
24	Egnyte: How to Restore a Deleted File	Business & Admin Software	File Storage & Sharing	File deleted.	Egnyte Web > Trash > Select File > Restore.	Source: https://help.egnyte.com/hc/en-us/articles/201633304-Trash-and-File-Retention-	Approved	2025-11-30 14:37:37.623-05	2025-11-30 14:37:37.623-05	\N	\N	2	4
25	Egnyte: File is Locked by Another User	Business & Admin Software	File Storage & Sharing	Locked by user.	Egnyte Web > File Menu > Unlock.	Source: https://help.egnyte.com/hc/en-us/articles/201633104-File-Locking-and-Versioning	Approved	2025-11-30 14:37:37.625-05	2025-12-19 19:51:43.383-05	\N	\N	2	4
26	FortiClient: Common "Cannot Connect" Troubleshooting	Business & Admin Software	VPN / Remote Access	VPN fails.	Check internet. Restart PC. Restart FortiClient Scheduler service.	Source: https://community.fortinet.com/t5/FortiClient/tkb-p/forticlient	Approved	2025-11-30 14:37:37.627-05	2025-12-19 19:51:43.385-05	\N	\N	2	5
27	Windows: How to Clear Cached Credentials for VPN	Business & Admin Software	VPN / Remote Access	Old password cached.	Credential Manager > Windows Credentials > Remove VPN entries.	Source: https://support.microsoft.com/en-us/windows/accessing-credential-manager-1b5c916b-6a16-c3f5-0c7c-ba107E318114	Approved	2025-11-30 14:37:37.629-05	2025-12-19 19:51:43.388-05	\N	\N	2	5
28	Browser: How to Clear Cache and Cookies	Business & Admin Software	Web Browsers	Site loading issues.	Ctrl+Shift+Delete > Clear Data.	Source: https://support.google.com/accounts/answer/32050	Approved	2025-11-30 14:37:37.631-05	2025-11-30 14:37:37.631-05	\N	\N	2	6
29	Browser: Manage Pop-up Blocker	Business & Admin Software	Web Browsers	Site blocked.	Address bar icon > Always allow.	Source: https://support.google.com/chrome/answer/95472	Approved	2025-11-30 14:37:37.632-05	2025-11-30 14:37:37.632-05	\N	\N	2	6
30	Deltek: Login & Connection Issues	Business & Admin Software	Deltek (Vision, Vantagepoint, etc.)	Login fails.	Web: Clear cache. App: Check VPN.	Source: Internal troubleshooting steps.	Approved	2025-11-30 14:37:37.634-05	2025-11-30 14:37:37.634-05	\N	\N	2	7
31	Laptop: How to Properly Undock/Redock	Hardware & Peripherals	Workstations (Desktops, Laptops)	Monitors black after dock.	Close lid > Wait > Unplug. To Redock: Keep lid closed > Plug > Wait.	Source: Best practices for DisplayLink.	Approved	2025-11-30 14:37:37.636-05	2025-11-30 14:37:37.636-05	\N	\N	3	8
32	Laptop: Battery Not Charging	Hardware & Peripherals	Workstations (Desktops, Laptops)	Stuck at 80%.	Check Battery Health setting in manufacturer app.	Source: Internal troubleshooting.	Approved	2025-11-30 14:37:37.638-05	2025-11-30 14:37:37.638-05	\N	\N	3	8
33	Laptop: How to Fix Slow Performance (Throttling)	Hardware & Peripherals	Workstations (Desktops, Laptops)	Fan loud, slow.	Check airflow. Elevate laptop. High Performance power plan.	Source: Generic thermal throttling steps.	Approved	2025-11-30 14:37:37.64-05	2025-12-19 19:51:43.392-05	\N	\N	3	8
34	Windows: How to Free Up Hard Drive Space	Hardware & Peripherals	Workstations (Desktops, Laptops)	C drive full.	Disk Cleanup > Clean System Files.	Source: https://support.microsoft.com/en-us/windows/disk-cleanup-in-windows	Approved	2025-11-30 14:37:37.642-05	2025-11-30 14:37:37.642-05	\N	\N	3	8
35	Laptop: "No Bootable Device" Error	Hardware & Peripherals	Workstations (Desktops, Laptops)	Boot error.	Unplug USBs/Dock. Restart.	Source: Generic boot troubleshooting.	Approved	2025-11-30 14:37:37.643-05	2025-11-30 14:37:37.643-05	\N	\N	3	8
36	WAVLINK Dock: Monitors Not Detected	Hardware & Peripherals	Monitors & Docking Stations	Blank screens.	Power cycle dock. Update DisplayLink driver.	Source: https://support.displaylink.com/knowledgebase/articles/525121-display-not-working-or-goes-blank	Approved	2025-11-30 14:37:37.645-05	2025-11-30 14:37:37.645-05	\N	\N	3	9
37	WAVLINK Dock: USB Ports/Ethernet Not Working	Hardware & Peripherals	Monitors & Docking Stations	Peripherals dead.	Re-install DisplayLink driver.	Source: DisplayLink troubleshooting.	Approved	2025-11-30 14:37:37.647-05	2025-11-30 14:37:37.647-05	\N	\N	3	9
38	Windows: How to Change Monitor Arrangement	Hardware & Peripherals	Monitors & Docking Stations	Mouse moves wrong way.	Display Settings > Drag numbered boxes.	Source: https://support.microsoft.com/en-us/windows/set-up-dual-monitors-in-windows	Approved	2025-11-30 14:37:37.649-05	2025-11-30 14:37:37.649-05	\N	\N	3	9
39	Windows: How to Fix Blurry Text (ClearType)	Hardware & Peripherals	Monitors & Docking Stations	Text fuzzy.	Start > Adjust ClearType text.	Source: https://support.microsoft.com/en-us/windows/use-cleartype-in-windows-11	Approved	2025-11-30 14:37:37.651-05	2025-11-30 14:37:37.651-05	\N	\N	3	9
40	Monitor: No Signal / Input Not Supported	Hardware & Peripherals	Monitors & Docking Stations	Black screen.	Check Input button (HDMI/DP). Check Resolution.	Source: Generic monitor steps.	Approved	2025-11-30 14:37:37.653-05	2025-11-30 14:37:37.653-05	\N	\N	3	9
41	Mobile: Set Up Company Email (Outlook App)	Hardware & Peripherals	Mobile Devices (iPhones, iPads)	Email on phone.	Download Outlook. Sign in with MFA.	Source: https://support.microsoft.com/en-us/office/set-up-email-in-the-outlook-for-android-app	Approved	2025-11-30 14:37:37.655-05	2025-11-30 14:37:37.655-05	\N	\N	3	10
42	Mobile: Fix Outlook App Sync Issues	Hardware & Peripherals	Mobile Devices (iPhones, iPads)	Not syncing.	Settings > Reset Account.	Source: https://support.microsoft.com/en-us/office/how-can-i-troubleshoot-sync-issues-with-the-outlook-for-android-app	Approved	2025-11-30 14:37:37.656-05	2025-11-30 14:37:37.656-05	\N	\N	3	10
43	Conference Room: Connect Laptop to TV	Hardware & Peripherals	Conference Room AV	Present screen.	HDMI cable or Wireless Cast.	Source: General AV steps.	Approved	2025-11-30 14:37:37.658-05	2025-11-30 14:37:37.658-05	\N	\N	3	11
44	Conference Room: No Audio in Teams	Hardware & Peripherals	Conference Room AV	No sound.	Teams Audio Settings > Select Room System (not laptop).	Source: https://support.microsoft.com/en-us/office/manage-your-call-settings-in-microsoft-teams	Approved	2025-11-30 14:37:37.66-05	2025-11-30 14:37:37.66-05	\N	\N	3	11
45	3D Mouse: SpaceMouse Not Working in 3ds Max	Hardware & Peripherals	Specialty Peripherals (3Dconnexion mouse, etc.)	Puck dead.	Re-install 3DxWare driver.	Source: https://3dconnexion.com/us/support/faq/my-3dconnexion-mouse-is-not-working-in-my-application-after-i-updated-it/	Approved	2025-11-30 14:37:37.662-05	2025-12-20 09:33:47.898-05	\N	\N	3	12
\.


--
-- Data for Name: knowledge_base_kbcategory; Type: TABLE DATA; Schema: public; Owner: postgres
--

COPY public.knowledge_base_kbcategory (id, name, description, sort_order) FROM stdin;
1	Design Applications	\N	0
2	Business & Admin Software	\N	0
3	Hardware & Peripherals	\N	0
\.


--
-- Data for Name: knowledge_base_kbsubcategory; Type: TABLE DATA; Schema: public; Owner: postgres
--

COPY public.knowledge_base_kbsubcategory (id, name, sort_order, parent_id) FROM stdin;
1	Autodesk (AutoCAD, Revit, Civil 3D)	0	1
2	Microsoft 365 (Office, Teams, OneDrive)	0	2
3	Email & Outlook	0	2
4	File Storage & Sharing	0	2
5	VPN / Remote Access	0	2
6	Web Browsers	0	2
7	Deltek (Vision, Vantagepoint, etc.)	0	2
8	Workstations (Desktops, Laptops)	0	3
9	Monitors & Docking Stations	0	3
10	Mobile Devices (iPhones, iPads)	0	3
11	Conference Room AV	0	3
12	Specialty Peripherals (3Dconnexion mouse, etc.)	0	3
\.


--
-- Data for Name: service_desk_comment; Type: TABLE DATA; Schema: public; Owner: postgres
--

COPY public.service_desk_comment (id, text, created_at, is_internal, author_id, ticket_id) FROM stdin;
227	I've just power-cycled the workstation, but NetScape is still locking up. verifying if the new instant-comment system is capturing this update in real-time.	2025-12-23 20:11:53.601-05	f	1	902
228	Adjusted the anti-gravity plates. Calibration is now stable.	2025-12-24 11:11:16.908-05	f	1	909
229	Ticket closed by Marty McFly.	2025-12-24 11:11:16.918-05	t	1	909
\.


--
-- Data for Name: service_desk_csatsurvey; Type: TABLE DATA; Schema: public; Owner: postgres
--

COPY public.service_desk_csatsurvey (id, rating, comment, submitted_at, submitted_by_id, ticket_id) FROM stdin;
\.


--
-- Data for Name: service_desk_globalsettings; Type: TABLE DATA; Schema: public; Owner: postgres
--

COPY public.service_desk_globalsettings (id, maintenance_mode, use_mock_data, kb_recommendation_logic, support_phone, support_email, support_hours, updated_at) FROM stdin;
1	f	t	random	614-401-5425	primeit@primeeng.com	Mon-Fri, 8:00 AM - 5:00 PM EST	2025-12-04 22:18:12.367-05
\.


--
-- Data for Name: service_desk_notification; Type: TABLE DATA; Schema: public; Owner: postgres
--

COPY public.service_desk_notification (id, title, message, link, is_read, created_at, user_id) FROM stdin;
1	New Ticket Assigned	Ticket #836: Screensaver Password Locked - Lorraine has been assigned to you.	/ticket/836/	f	2025-12-25 12:15:41.452996-05	6
2	New Ticket Assigned	Ticket #837: Outlook Not Sending Emails - Jennifer has been assigned to you.	/ticket/837/	f	2025-12-25 12:15:41.459628-05	6
3	New Ticket Assigned	Ticket #838: Lotus 1-2-3 Macro Error - Lorraine has been assigned to you.	/ticket/838/	f	2025-12-25 12:15:41.464325-05	3
4	New Ticket Assigned	Ticket #840: Windows 3.1 GPF Error - Doc has been assigned to you.	/ticket/840/	f	2025-12-25 12:15:41.47216-05	3
5	New Ticket Assigned	Ticket #841: Lotus 1-2-3 Macro Error - Lorraine has been assigned to you.	/ticket/841/	f	2025-12-25 12:15:41.477382-05	6
6	New Ticket Assigned	Ticket #842: Revit Central Model Crash - Lorraine has been assigned to you.	/ticket/842/	f	2025-12-25 12:15:41.482155-05	3
7	New Ticket Assigned	Ticket #843: AutoCAD License Checkout Failure - Jennifer has been assigned to you.	/ticket/843/	f	2025-12-25 12:15:41.487014-05	3
8	New Ticket Assigned	Ticket #844: Screensaver Password Locked - Lorraine has been assigned to you.	/ticket/844/	f	2025-12-25 12:15:41.491596-05	1
9	New Ticket Assigned	Ticket #845: Flux Capacitor not holding charge - Marty has been assigned to you.	/ticket/845/	f	2025-12-25 12:15:41.496731-05	6
10	New Ticket Assigned	Ticket #846: Revit Central Model Crash - George has been assigned to you.	/ticket/846/	f	2025-12-25 12:15:41.501415-05	6
11	New Ticket Assigned	Ticket #847: Walkman batteries leaking - Jennifer has been assigned to you.	/ticket/847/	f	2025-12-25 12:15:41.506461-05	1
12	New Ticket Assigned	Ticket #848: Lotus 1-2-3 Macro Error - Lorraine has been assigned to you.	/ticket/848/	f	2025-12-25 12:15:41.511596-05	6
13	New Ticket Assigned	Ticket #849: Screensaver Password Locked - Lorraine has been assigned to you.	/ticket/849/	f	2025-12-25 12:15:41.516408-05	6
14	New Ticket Assigned	Ticket #850: BBS Login Timeout - Marty has been assigned to you.	/ticket/850/	f	2025-12-25 12:15:41.521413-05	6
15	New Ticket Assigned	Ticket #851: Lotus 1-2-3 Macro Error - George has been assigned to you.	/ticket/851/	f	2025-12-25 12:15:41.526586-05	1
16	New Ticket Assigned	Ticket #852: NetScape Navigator Frozen - Marty has been assigned to you.	/ticket/852/	f	2025-12-25 12:15:41.531665-05	3
17	New Ticket Assigned	Ticket #853: Dot Matrix Ribbon Dry - Lorraine has been assigned to you.	/ticket/853/	f	2025-12-25 12:15:41.536713-05	6
18	New Ticket Assigned	Ticket #854: Windows 3.1 GPF Error - George has been assigned to you.	/ticket/854/	f	2025-12-25 12:15:41.541908-05	1
19	New Ticket Assigned	Ticket #855: Windows 3.1 GPF Error - Doc has been assigned to you.	/ticket/855/	f	2025-12-25 12:15:41.546928-05	6
20	New Ticket Assigned	Ticket #856: Lotus 1-2-3 Macro Error - Lorraine has been assigned to you.	/ticket/856/	f	2025-12-25 12:15:41.551921-05	1
21	New Ticket Assigned	Ticket #857: Screensaver Password Locked - Goldie has been assigned to you.	/ticket/857/	f	2025-12-25 12:15:41.557052-05	1
22	New Ticket Assigned	Ticket #858: Revit Central Model Crash - Doc has been assigned to you.	/ticket/858/	f	2025-12-25 12:15:41.562047-05	6
23	New Ticket Assigned	Ticket #859: Revit Central Model Crash - Goldie has been assigned to you.	/ticket/859/	f	2025-12-25 12:15:41.567368-05	6
24	New Ticket Assigned	Ticket #860: AutoCAD License Checkout Failure - George has been assigned to you.	/ticket/860/	f	2025-12-25 12:15:41.572405-05	6
25	New Ticket Assigned	Ticket #861: Screensaver Password Locked - Jennifer has been assigned to you.	/ticket/861/	f	2025-12-25 12:15:41.577749-05	1
26	New Ticket Assigned	Ticket #863: Walkman batteries leaking - George has been assigned to you.	/ticket/863/	f	2025-12-25 12:15:41.586324-05	6
27	New Ticket Assigned	Ticket #864: Screensaver Password Locked - Doc has been assigned to you.	/ticket/864/	f	2025-12-25 12:15:41.591909-05	6
28	New Ticket Assigned	Ticket #865: Screensaver Password Locked - Lorraine has been assigned to you.	/ticket/865/	f	2025-12-25 12:15:41.596886-05	1
29	New Ticket Assigned	Ticket #866: Need VP Project Access - George has been assigned to you.	/ticket/866/	f	2025-12-25 12:15:41.602346-05	3
30	New Ticket Assigned	Ticket #867: Flux Capacitor not holding charge - Marty has been assigned to you.	/ticket/867/	f	2025-12-25 12:15:41.607503-05	3
31	New Ticket Assigned	Ticket #868: Lotus 1-2-3 Macro Error - Jennifer has been assigned to you.	/ticket/868/	f	2025-12-25 12:15:41.612865-05	1
32	New Ticket Assigned	Ticket #869: Outlook Not Sending Emails - Marty has been assigned to you.	/ticket/869/	f	2025-12-25 12:15:41.618368-05	1
33	New Ticket Assigned	Ticket #870: Dot Matrix Ribbon Dry - Jennifer has been assigned to you.	/ticket/870/	f	2025-12-25 12:15:41.623552-05	6
34	New Ticket Assigned	Ticket #871: Dot Matrix Ribbon Dry - George has been assigned to you.	/ticket/871/	f	2025-12-25 12:15:41.629005-05	1
35	New Ticket Assigned	Ticket #872: Flux Capacitor not holding charge - Goldie has been assigned to you.	/ticket/872/	f	2025-12-25 12:15:41.634661-05	6
36	New Ticket Assigned	Ticket #873: Need VP Project Access - Marty has been assigned to you.	/ticket/873/	f	2025-12-25 12:15:41.640943-05	6
37	New Ticket Assigned	Ticket #874: Walkman batteries leaking - Jennifer has been assigned to you.	/ticket/874/	f	2025-12-25 12:15:41.646379-05	6
38	New Ticket Assigned	Ticket #875: Revit Central Model Crash - Marty has been assigned to you.	/ticket/875/	f	2025-12-25 12:15:41.651657-05	6
39	New Ticket Assigned	Ticket #876: Walkman batteries leaking - George has been assigned to you.	/ticket/876/	f	2025-12-25 12:15:41.656686-05	6
40	New Ticket Assigned	Ticket #877: Need VP Project Access - Marty has been assigned to you.	/ticket/877/	f	2025-12-25 12:15:41.661936-05	6
41	New Ticket Assigned	Ticket #878: Dot Matrix Ribbon Dry - George has been assigned to you.	/ticket/878/	f	2025-12-25 12:15:41.667195-05	6
42	New Ticket Assigned	Ticket #879: BBS Login Timeout - George has been assigned to you.	/ticket/879/	f	2025-12-25 12:15:41.672452-05	1
43	New Ticket Assigned	Ticket #880: Hoverboard formatting issue - Lorraine has been assigned to you.	/ticket/880/	f	2025-12-25 12:15:41.677534-05	1
44	New Ticket Assigned	Ticket #881: Flux Capacitor not holding charge - Marty has been assigned to you.	/ticket/881/	f	2025-12-25 12:15:41.682854-05	3
45	New Ticket Assigned	Ticket #882: Outlook Not Sending Emails - Lorraine has been assigned to you.	/ticket/882/	f	2025-12-25 12:15:41.687877-05	1
46	New Ticket Assigned	Ticket #883: Flux Capacitor not holding charge - Doc has been assigned to you.	/ticket/883/	f	2025-12-25 12:15:41.693245-05	6
47	New Ticket Assigned	Ticket #884: Hoverboard formatting issue - George has been assigned to you.	/ticket/884/	f	2025-12-25 12:15:41.698664-05	6
48	New Ticket Assigned	Ticket #885: Flux Capacitor not holding charge - Goldie has been assigned to you.	/ticket/885/	f	2025-12-25 12:15:41.703836-05	6
49	New Ticket Assigned	Ticket #886: Hoverboard formatting issue - George has been assigned to you.	/ticket/886/	f	2025-12-25 12:15:41.709032-05	3
50	New Ticket Assigned	Ticket #887: Lotus 1-2-3 Macro Error - Doc has been assigned to you.	/ticket/887/	f	2025-12-25 12:15:41.714453-05	3
51	New Ticket Assigned	Ticket #888: Revit Central Model Crash - George has been assigned to you.	/ticket/888/	f	2025-12-25 12:15:41.720356-05	1
52	New Ticket Assigned	Ticket #889: Hoverboard formatting issue - Goldie has been assigned to you.	/ticket/889/	f	2025-12-25 12:15:41.725439-05	6
53	New Ticket Assigned	Ticket #890: Screensaver Password Locked - George has been assigned to you.	/ticket/890/	f	2025-12-25 12:15:41.73062-05	3
54	New Ticket Assigned	Ticket #891: Dot Matrix Ribbon Dry - Goldie has been assigned to you.	/ticket/891/	f	2025-12-25 12:15:41.735957-05	3
55	New Ticket Assigned	Ticket #892: Walkman batteries leaking - Jennifer has been assigned to you.	/ticket/892/	f	2025-12-25 12:15:41.741031-05	6
56	New Ticket Assigned	Ticket #893: Walkman batteries leaking - Jennifer has been assigned to you.	/ticket/893/	f	2025-12-25 12:15:41.746377-05	3
57	New Ticket Assigned	Ticket #895: NetScape Navigator Frozen - Lorraine has been assigned to you.	/ticket/895/	f	2025-12-25 12:15:41.754322-05	3
58	New Ticket Assigned	Ticket #896: Lotus 1-2-3 Macro Error - Lorraine has been assigned to you.	/ticket/896/	f	2025-12-25 12:15:41.759879-05	6
59	New Ticket Assigned	Ticket #897: BBS Login Timeout - George has been assigned to you.	/ticket/897/	f	2025-12-25 12:15:41.7655-05	3
60	New Ticket Assigned	Ticket #898: Windows 3.1 GPF Error - Marty has been assigned to you.	/ticket/898/	f	2025-12-25 12:15:41.770902-05	3
61	New Ticket Assigned	Ticket #899: Lotus 1-2-3 Macro Error - Lorraine has been assigned to you.	/ticket/899/	f	2025-12-25 12:15:41.776627-05	3
62	New Ticket Assigned	Ticket #900: Hoverboard formatting issue - Lorraine has been assigned to you.	/ticket/900/	f	2025-12-25 12:15:41.781927-05	3
63	New Ticket Assigned	Ticket #901: Lotus 1-2-3 Macro Error - Lorraine has been assigned to you.	/ticket/901/	f	2025-12-25 12:15:41.787196-05	6
64	New Ticket Assigned	Ticket #902: NetScape Navigator Frozen - Marty has been assigned to you.	/ticket/902/	f	2025-12-25 12:15:41.792665-05	3
65	New Ticket Assigned	Ticket #903: AutoCAD License Checkout Failure - Goldie has been assigned to you.	/ticket/903/	f	2025-12-25 12:15:41.797906-05	3
66	New Ticket Assigned	Ticket #904: AutoCAD License Checkout Failure - Jennifer has been assigned to you.	/ticket/904/	f	2025-12-25 12:15:41.803159-05	6
67	New Ticket Assigned	Ticket #905: Screensaver Password Locked - Jennifer has been assigned to you.	/ticket/905/	f	2025-12-25 12:15:41.808811-05	1
68	New Ticket Assigned	Ticket #907: NetScape Navigator Frozen - George has been assigned to you.	/ticket/907/	f	2025-12-25 12:15:41.816777-05	3
69	New Ticket Assigned	Ticket #908: Dot Matrix Ribbon Dry - Lorraine has been assigned to you.	/ticket/908/	f	2025-12-25 12:15:41.82202-05	3
70	New Ticket Assigned	Ticket #909: Hoverboard formatting issue - Marty has been assigned to you.	/ticket/909/	f	2025-12-25 12:15:41.827322-05	1
71	New Ticket Assigned	Ticket #910: Screensaver Password Locked - Doc has been assigned to you.	/ticket/910/	f	2025-12-25 12:15:41.832704-05	3
\.


--
-- Data for Name: service_desk_ticket; Type: TABLE DATA; Schema: public; Owner: postgres
--

COPY public.service_desk_ticket (id, title, description, ticket_type, subtype, item, source, priority, status, connectwise_id, created_at, updated_at, submitter_id, technician_id, application_name, asset_tag, attachment, computer_name, deltek_username, device_type, email_address, justification, license_info, location, mailbox_name, manager_name, printer_location, project_name, requested_access, software_name, board, first_response_at, closed_at) FROM stdin;
836	Screensaver Password Locked - Lorraine	Flying Toasters won't unlock.	VP Password Reset	\N	\N	Portal	Medium	Resolved	\N	2025-11-30 11:38:28.9-05	2025-12-21 21:38:28.903-05	2	6																	Tier 1	2025-11-30 12:24:28.9-05	2025-11-30 14:24:28.9-05
837	Outlook Not Sending Emails - Jennifer	Messages stuck in Outbox.	Email/Mailbox Help	\N	\N	Portal	High	Resolved	\N	2025-12-13 09:38:28.906-05	2025-12-21 21:38:28.908-05	6	6																	Tier 1	2025-12-13 09:46:28.906-05	2025-12-13 15:46:28.906-05
838	Lotus 1-2-3 Macro Error - Lorraine	Spreadsheet freezes on Calculate.	Application Problem	\N	\N	Portal	Critical	Resolved	\N	2025-12-03 20:38:28.916-05	2025-12-21 21:38:28.919-05	2	3																	Tier 1	2025-12-03 20:55:28.916-05	2025-12-03 22:55:28.916-05
839	AutoCAD License Checkout Failure - Goldie	All licenses in use. Need to finish drawings.	Application Problem	\N	\N	Portal	Low	New	\N	2025-12-03 17:38:28.921-05	2025-12-21 21:38:28.923-05	12	\N																	Tier 1	\N	\N
840	Windows 3.1 GPF Error - Doc	General Protection Fault in USER.EXE.	Software Installation	\N	\N	Portal	Critical	Resolved	\N	2025-12-04 13:38:28.925-05	2025-12-21 21:38:28.928-05	3	3																	Tier 1	2025-12-04 14:13:28.925-05	2025-12-04 17:13:28.925-05
841	Lotus 1-2-3 Macro Error - Lorraine	Spreadsheet freezes on Calculate.	Application Problem	\N	\N	Portal	Medium	Resolved	\N	2025-12-16 17:38:28.931-05	2025-12-21 21:38:28.933-05	2	6																	Tier 1	2025-12-16 18:11:28.931-05	2025-12-16 20:11:28.931-05
842	Revit Central Model Crash - Lorraine	Model crashes on open. Worked yesterday.	Application Problem	\N	\N	Portal	High	In Progress	\N	2025-12-10 20:38:28.936-05	2025-12-21 21:38:28.938-05	2	3																	Tier 1	2025-12-10 21:01:28.936-05	\N
843	AutoCAD License Checkout Failure - Jennifer	All licenses in use. Need to finish drawings.	Application Problem	\N	\N	Portal	Low	Resolved	\N	2025-12-20 16:38:28.941-05	2025-12-21 21:38:28.943-05	6	3																	Tier 1	2025-12-20 16:43:28.941-05	2025-12-20 21:43:28.941-05
844	Screensaver Password Locked - Lorraine	Flying Toasters won't unlock.	VP Password Reset	\N	\N	Portal	Low	Resolved	\N	2025-11-29 18:38:28.946-05	2025-12-21 21:38:28.948-05	2	1																	Tier 1	2025-11-29 19:13:28.946-05	2025-11-29 22:13:28.946-05
845	Flux Capacitor not holding charge - Marty	Input fluctuating. Need replacement.	Hardware Issue	\N	\N	Portal	Low	Resolved	\N	2025-11-28 12:38:28.95-05	2025-12-21 21:38:28.953-05	1	6																	Tier 1	2025-11-28 13:23:28.95-05	2025-11-28 15:23:28.95-05
846	Revit Central Model Crash - George	Model crashes on open. Worked yesterday.	Application Problem	\N	\N	Portal	Medium	Resolved	\N	2025-12-18 18:38:28.955-05	2025-12-21 21:38:28.957-05	4	6																	Tier 1	2025-12-18 19:29:28.955-05	2025-12-18 22:29:28.955-05
847	Walkman batteries leaking - Jennifer	Acid leak inside Sony Walkman.	Hardware Issue	\N	\N	Portal	Low	Resolved	\N	2025-12-08 09:38:28.96-05	2025-12-21 21:38:28.962-05	6	1																	Tier 1	2025-12-08 09:48:28.96-05	2025-12-08 11:48:28.96-05
848	Lotus 1-2-3 Macro Error - Lorraine	Spreadsheet freezes on Calculate.	Application Problem	\N	\N	Portal	High	Resolved	\N	2025-12-08 10:38:28.964-05	2025-12-21 21:38:28.967-05	2	6																	Tier 1	2025-12-08 11:09:28.964-05	2025-12-08 15:09:28.964-05
849	Screensaver Password Locked - Lorraine	Flying Toasters won't unlock.	VP Password Reset	\N	\N	Portal	Low	Assigned	\N	2025-12-14 19:38:28.969-05	2025-12-21 21:38:28.971-05	2	6																	Tier 1	2025-12-14 20:00:28.969-05	\N
850	BBS Login Timeout - Marty	Cannot connect to Hill Valley BBS.	General Question	\N	\N	Portal	High	Resolved	\N	2025-11-27 09:38:28.973-05	2025-12-21 21:38:28.976-05	1	6																	Tier 1	2025-11-27 10:26:28.973-05	2025-11-27 14:26:28.973-05
851	Lotus 1-2-3 Macro Error - George	Spreadsheet freezes on Calculate.	Application Problem	\N	\N	Portal	Low	Resolved	\N	2025-12-01 20:38:28.978-05	2025-12-21 21:38:28.98-05	4	1																	Tier 1	2025-12-01 21:02:28.978-05	2025-12-02 01:02:28.978-05
852	NetScape Navigator Frozen - Marty	Browser locks up on homepage.	Application Problem	\N	\N	Portal	High	Resolved	\N	2025-11-30 19:38:28.982-05	2025-12-21 21:38:28.985-05	1	3																	Tier 1	2025-11-30 20:06:28.982-05	2025-11-30 23:06:28.982-05
853	Dot Matrix Ribbon Dry - Lorraine	Epson LQ-500 needs ribbon.	Printer / Scanner Issue	\N	\N	Portal	Critical	Resolved	\N	2025-11-21 09:38:28.987-05	2025-12-21 21:38:28.99-05	2	6																	Tier 1	2025-11-21 10:30:28.987-05	2025-11-21 14:30:28.987-05
854	Windows 3.1 GPF Error - George	General Protection Fault in USER.EXE.	Software Installation	\N	\N	Portal	Medium	Resolved	\N	2025-12-09 13:38:28.995-05	2025-12-21 21:38:28.997-05	4	1																	Tier 1	2025-12-09 14:21:28.995-05	2025-12-09 17:21:28.995-05
855	Windows 3.1 GPF Error - Doc	General Protection Fault in USER.EXE.	Software Installation	\N	\N	Portal	Medium	In Progress	\N	2025-12-21 09:38:28.999-05	2025-12-21 21:38:29.001-05	3	6																	Tier 1	2025-12-21 09:59:28.999-05	\N
856	Lotus 1-2-3 Macro Error - Lorraine	Spreadsheet freezes on Calculate.	Application Problem	\N	\N	Portal	High	Resolved	\N	2025-11-21 09:38:29.003-05	2025-12-21 21:38:29.006-05	2	1																	Tier 1	2025-11-21 10:33:29.003-05	2025-11-21 11:33:29.003-05
857	Screensaver Password Locked - Goldie	Flying Toasters won't unlock.	VP Password Reset	\N	\N	Portal	Medium	Resolved	\N	2025-12-01 13:38:29.009-05	2025-12-21 21:38:29.011-05	12	1																	Tier 1	2025-12-01 13:55:29.009-05	2025-12-01 19:55:29.009-05
858	Revit Central Model Crash - Doc	Model crashes on open. Worked yesterday.	Application Problem	\N	\N	Portal	Critical	In Progress	\N	2025-12-02 11:38:29.013-05	2025-12-21 21:38:29.016-05	3	6																	Tier 1	2025-12-02 11:45:29.013-05	\N
859	Revit Central Model Crash - Goldie	Model crashes on open. Worked yesterday.	Application Problem	\N	\N	Portal	High	Resolved	\N	2025-11-26 15:38:29.018-05	2025-12-21 21:38:29.02-05	12	6																	Tier 1	2025-11-26 15:51:29.018-05	2025-11-26 17:51:29.018-05
860	AutoCAD License Checkout Failure - George	All licenses in use. Need to finish drawings.	Application Problem	\N	\N	Portal	Low	Resolved	\N	2025-11-28 12:38:29.023-05	2025-12-21 21:38:29.026-05	4	6																	Tier 1	2025-11-28 13:00:29.023-05	2025-11-28 19:00:29.023-05
861	Screensaver Password Locked - Jennifer	Flying Toasters won't unlock.	VP Password Reset	\N	\N	Portal	High	In Progress	\N	2025-12-01 14:38:29.028-05	2025-12-21 21:38:29.03-05	6	1																	Tier 1	2025-12-01 15:03:29.028-05	\N
862	Hoverboard formatting issue - Lorraine	Pit Bull model drifting left.	Hardware Issue	\N	\N	Portal	High	New	\N	2025-12-02 17:38:29.033-05	2025-12-21 21:38:29.035-05	2	\N																	Tier 1	\N	\N
863	Walkman batteries leaking - George	Acid leak inside Sony Walkman.	Hardware Issue	\N	\N	Portal	Medium	Resolved	\N	2025-12-17 17:38:29.037-05	2025-12-21 21:38:29.039-05	4	6																	Tier 1	2025-12-17 18:24:29.037-05	2025-12-17 22:24:29.037-05
864	Screensaver Password Locked - Doc	Flying Toasters won't unlock.	VP Password Reset	\N	\N	Portal	Low	Resolved	\N	2025-12-12 17:38:29.042-05	2025-12-21 21:38:29.044-05	3	6																	Tier 1	2025-12-12 17:46:29.042-05	2025-12-12 23:46:29.042-05
865	Screensaver Password Locked - Lorraine	Flying Toasters won't unlock.	VP Password Reset	\N	\N	Portal	Low	Resolved	\N	2025-11-30 18:38:29.046-05	2025-12-21 21:38:29.049-05	2	1																	Tier 1	2025-11-30 19:30:29.046-05	2025-11-30 20:30:29.046-05
866	Need VP Project Access - George	Requesting access to project 2024-0892.	VP Permissions	\N	\N	Portal	Medium	Assigned	\N	2025-12-13 14:38:29.051-05	2025-12-21 21:38:29.053-05	4	3																	Tier 1	2025-12-13 15:18:29.051-05	\N
867	Flux Capacitor not holding charge - Marty	Input fluctuating. Need replacement.	Hardware Issue	\N	\N	Portal	Critical	Resolved	\N	2025-11-22 13:38:29.056-05	2025-12-21 21:38:29.058-05	1	3																	Tier 1	2025-11-22 13:56:29.056-05	2025-11-22 16:56:29.056-05
868	Lotus 1-2-3 Macro Error - Jennifer	Spreadsheet freezes on Calculate.	Application Problem	\N	\N	Portal	Medium	Resolved	\N	2025-12-12 09:38:29.06-05	2025-12-21 21:38:29.062-05	6	1																	Tier 1	2025-12-12 10:16:29.06-05	2025-12-12 15:16:29.06-05
869	Outlook Not Sending Emails - Marty	Messages stuck in Outbox.	Email/Mailbox Help	\N	\N	Portal	High	In Progress	\N	2025-12-03 19:38:29.065-05	2025-12-21 21:38:29.067-05	1	1																	Tier 1	2025-12-03 20:18:29.065-05	\N
870	Dot Matrix Ribbon Dry - Jennifer	Epson LQ-500 needs ribbon.	Printer / Scanner Issue	\N	\N	Portal	Medium	Resolved	\N	2025-11-23 10:38:29.069-05	2025-12-21 21:38:29.072-05	6	6																	Tier 1	2025-11-23 11:09:29.069-05	2025-11-23 15:09:29.069-05
871	Dot Matrix Ribbon Dry - George	Epson LQ-500 needs ribbon.	Printer / Scanner Issue	\N	\N	Portal	Critical	Resolved	\N	2025-11-27 16:38:29.074-05	2025-12-21 21:38:29.076-05	4	1																	Tier 1	2025-11-27 17:23:29.074-05	2025-11-27 18:23:29.074-05
872	Flux Capacitor not holding charge - Goldie	Input fluctuating. Need replacement.	Hardware Issue	\N	\N	Portal	Medium	Resolved	\N	2025-11-28 10:38:29.079-05	2025-12-21 21:38:29.081-05	12	6																	Tier 1	2025-11-28 11:24:29.079-05	2025-11-28 15:24:29.079-05
873	Need VP Project Access - Marty	Requesting access to project 2024-0892.	VP Permissions	\N	\N	Portal	Low	Assigned	\N	2025-12-03 18:38:29.083-05	2025-12-21 21:38:29.086-05	1	6																	Tier 1	2025-12-03 19:22:29.083-05	\N
874	Walkman batteries leaking - Jennifer	Acid leak inside Sony Walkman.	Hardware Issue	\N	\N	Portal	Medium	Resolved	\N	2025-11-28 14:38:29.088-05	2025-12-21 21:38:29.09-05	6	6																	Tier 1	2025-11-28 14:43:29.088-05	2025-11-28 17:43:29.088-05
875	Revit Central Model Crash - Marty	Model crashes on open. Worked yesterday.	Application Problem	\N	\N	Portal	Low	In Progress	\N	2025-12-07 17:38:29.092-05	2025-12-21 21:38:29.095-05	1	6																	Tier 1	2025-12-07 17:49:29.092-05	\N
876	Walkman batteries leaking - George	Acid leak inside Sony Walkman.	Hardware Issue	\N	\N	Portal	Medium	Resolved	\N	2025-11-23 12:38:29.097-05	2025-12-21 21:38:29.099-05	4	6																	Tier 1	2025-11-23 13:38:29.097-05	2025-11-23 17:38:29.097-05
877	Need VP Project Access - Marty	Requesting access to project 2024-0892.	VP Permissions	\N	\N	Portal	Medium	In Progress	\N	2025-12-06 10:38:29.102-05	2025-12-21 21:38:29.104-05	1	6																	Tier 1	2025-12-06 11:04:29.102-05	\N
878	Dot Matrix Ribbon Dry - George	Epson LQ-500 needs ribbon.	Printer / Scanner Issue	\N	\N	Portal	High	Assigned	\N	2025-12-05 13:38:29.106-05	2025-12-21 21:38:29.109-05	4	6																	Tier 1	2025-12-05 14:08:29.106-05	\N
879	BBS Login Timeout - George	Cannot connect to Hill Valley BBS.	General Question	\N	\N	Portal	Low	In Progress	\N	2025-11-22 19:38:29.111-05	2025-12-21 21:38:29.114-05	4	1																	Tier 1	2025-11-22 20:26:29.111-05	\N
880	Hoverboard formatting issue - Lorraine	Pit Bull model drifting left.	Hardware Issue	\N	\N	Portal	Medium	Resolved	\N	2025-12-18 19:38:29.116-05	2025-12-21 21:38:29.118-05	2	1																	Tier 1	2025-12-18 20:27:29.116-05	2025-12-19 02:27:29.116-05
881	Flux Capacitor not holding charge - Marty	Input fluctuating. Need replacement.	Hardware Issue	\N	\N	Portal	Medium	In Progress	\N	2025-12-19 10:38:29.12-05	2025-12-21 21:38:29.123-05	1	3																	Tier 1	2025-12-19 11:36:29.12-05	\N
882	Outlook Not Sending Emails - Lorraine	Messages stuck in Outbox.	Email/Mailbox Help	\N	\N	Portal	Medium	Assigned	\N	2025-12-15 10:38:29.125-05	2025-12-21 21:38:29.127-05	2	1																	Tier 1	2025-12-15 11:17:29.125-05	\N
883	Flux Capacitor not holding charge - Doc	Input fluctuating. Need replacement.	Hardware Issue	\N	\N	Portal	Critical	Resolved	\N	2025-12-13 16:38:29.129-05	2025-12-21 21:38:29.132-05	3	6																	Tier 1	2025-12-13 17:23:29.129-05	2025-12-13 23:23:29.129-05
884	Hoverboard formatting issue - George	Pit Bull model drifting left.	Hardware Issue	\N	\N	Portal	Medium	Resolved	\N	2025-11-27 12:38:29.135-05	2025-12-21 21:38:29.138-05	4	6																	Tier 1	2025-11-27 13:21:29.135-05	2025-11-27 17:21:29.135-05
885	Flux Capacitor not holding charge - Goldie	Input fluctuating. Need replacement.	Hardware Issue	\N	\N	Portal	High	Resolved	\N	2025-11-30 11:38:29.14-05	2025-12-21 21:38:29.143-05	12	6																	Tier 1	2025-11-30 12:22:29.14-05	2025-11-30 17:22:29.14-05
886	Hoverboard formatting issue - George	Pit Bull model drifting left.	Hardware Issue	\N	\N	Portal	Critical	Resolved	\N	2025-11-23 15:38:29.145-05	2025-12-21 21:38:29.148-05	4	3																	Tier 1	2025-11-23 16:26:29.145-05	2025-11-23 17:26:29.145-05
887	Lotus 1-2-3 Macro Error - Doc	Spreadsheet freezes on Calculate.	Application Problem	\N	\N	Portal	High	Resolved	\N	2025-12-05 15:38:29.15-05	2025-12-21 21:38:29.152-05	3	3																	Tier 1	2025-12-05 16:00:29.15-05	2025-12-05 17:00:29.15-05
888	Revit Central Model Crash - George	Model crashes on open. Worked yesterday.	Application Problem	\N	\N	Portal	High	Assigned	\N	2025-12-21 12:38:29.154-05	2025-12-21 21:38:29.157-05	4	1																	Tier 1	2025-12-21 13:36:29.154-05	\N
889	Hoverboard formatting issue - Goldie	Pit Bull model drifting left.	Hardware Issue	\N	\N	Portal	High	Resolved	\N	2025-12-01 18:38:29.159-05	2025-12-21 21:38:29.161-05	12	6																	Tier 1	2025-12-01 19:06:29.159-05	2025-12-01 20:06:29.159-05
890	Screensaver Password Locked - George	Flying Toasters won't unlock.	VP Password Reset	\N	\N	Portal	Low	Assigned	\N	2025-11-25 20:38:29.164-05	2025-12-21 21:38:29.166-05	4	3																	Tier 1	2025-11-25 20:49:29.164-05	\N
891	Dot Matrix Ribbon Dry - Goldie	Epson LQ-500 needs ribbon.	Printer / Scanner Issue	\N	\N	Portal	Medium	Resolved	\N	2025-11-21 19:38:29.168-05	2025-12-21 21:38:29.171-05	12	3																	Tier 1	2025-11-21 19:44:29.168-05	2025-11-22 01:44:29.168-05
892	Walkman batteries leaking - Jennifer	Acid leak inside Sony Walkman.	Hardware Issue	\N	\N	Portal	Medium	Resolved	\N	2025-12-01 18:38:29.173-05	2025-12-21 21:38:29.175-05	6	6																	Tier 1	2025-12-01 19:13:29.173-05	2025-12-02 01:13:29.173-05
893	Walkman batteries leaking - Jennifer	Acid leak inside Sony Walkman.	Hardware Issue	\N	\N	Portal	Critical	Resolved	\N	2025-12-10 18:38:29.177-05	2025-12-21 21:38:29.18-05	6	3																	Tier 1	2025-12-10 19:19:29.177-05	2025-12-11 01:19:29.177-05
894	Dot Matrix Ribbon Dry - Jennifer	Epson LQ-500 needs ribbon.	Printer / Scanner Issue	\N	\N	Portal	Medium	New	\N	2025-12-17 13:38:29.182-05	2025-12-21 21:38:29.184-05	6	\N																	Tier 1	\N	\N
895	NetScape Navigator Frozen - Lorraine	Browser locks up on homepage.	Application Problem	\N	\N	Portal	Medium	Resolved	\N	2025-12-02 13:38:29.186-05	2025-12-21 21:38:29.188-05	2	3																	Tier 1	2025-12-02 13:51:29.186-05	2025-12-02 15:51:29.186-05
896	Lotus 1-2-3 Macro Error - Lorraine	Spreadsheet freezes on Calculate.	Application Problem	\N	\N	Portal	High	Resolved	\N	2025-12-14 09:38:29.191-05	2025-12-21 21:38:29.193-05	2	6																	Tier 1	2025-12-14 10:10:29.191-05	2025-12-14 14:10:29.191-05
897	BBS Login Timeout - George	Cannot connect to Hill Valley BBS.	General Question	\N	\N	Portal	High	Resolved	\N	2025-11-24 14:38:29.195-05	2025-12-21 21:38:29.198-05	4	3																	Tier 1	2025-11-24 15:02:29.195-05	2025-11-24 17:02:29.195-05
898	Windows 3.1 GPF Error - Marty	General Protection Fault in USER.EXE.	Software Installation	\N	\N	Portal	Low	Resolved	\N	2025-11-23 20:38:29.2-05	2025-12-21 21:38:29.203-05	1	3																	Tier 1	2025-11-23 20:44:29.2-05	2025-11-23 23:44:29.2-05
899	Lotus 1-2-3 Macro Error - Lorraine	Spreadsheet freezes on Calculate.	Application Problem	\N	\N	Portal	Medium	Resolved	\N	2025-11-21 16:38:29.205-05	2025-12-21 21:38:29.207-05	2	3																	Tier 1	2025-11-21 17:28:29.205-05	2025-11-21 20:28:29.205-05
900	Hoverboard formatting issue - Lorraine	Pit Bull model drifting left.	Hardware Issue	\N	\N	Portal	High	In Progress	\N	2025-12-18 19:38:29.209-05	2025-12-21 21:38:29.213-05	2	3																	Tier 1	2025-12-18 20:06:29.209-05	\N
901	Lotus 1-2-3 Macro Error - Lorraine	Spreadsheet freezes on Calculate.	Application Problem	\N	\N	Portal	High	Resolved	\N	2025-12-12 09:38:29.215-05	2025-12-21 21:38:29.218-05	2	6																	Tier 1	2025-12-12 10:35:29.215-05	2025-12-12 16:35:29.215-05
902	NetScape Navigator Frozen - Marty	Browser locks up on homepage.	Application Problem	\N	\N	Portal	Priority 1 - Critical	Resolved	\N	2025-11-26 16:38:29.22-05	2025-12-23 20:11:53.606-05	1	3																	Tier 1	2025-11-26 17:15:29.22-05	2025-11-26 18:15:29.22-05
903	AutoCAD License Checkout Failure - Goldie	All licenses in use. Need to finish drawings.	Application Problem	\N	\N	Portal	High	Resolved	\N	2025-11-29 19:38:29.224-05	2025-12-21 21:38:29.227-05	12	3																	Tier 1	2025-11-29 19:55:29.224-05	2025-11-29 22:55:29.224-05
904	AutoCAD License Checkout Failure - Jennifer	All licenses in use. Need to finish drawings.	Application Problem	\N	\N	Portal	Low	Resolved	\N	2025-12-14 17:38:29.229-05	2025-12-21 21:38:29.232-05	6	6																	Tier 1	2025-12-14 17:46:29.229-05	2025-12-14 21:46:29.229-05
905	Screensaver Password Locked - Jennifer	Flying Toasters won't unlock.	VP Password Reset	\N	\N	Portal	Medium	Resolved	\N	2025-12-10 16:38:29.234-05	2025-12-21 21:38:29.236-05	6	1																	Tier 1	2025-12-10 17:24:29.234-05	2025-12-10 18:24:29.234-05
906	NetScape Navigator Frozen - George	Browser locks up on homepage.	Application Problem	\N	\N	Portal	Low	New	\N	2025-11-24 17:38:29.238-05	2025-12-21 21:38:29.24-05	4	\N																	Tier 1	\N	\N
907	NetScape Navigator Frozen - George	Browser locks up on homepage.	Application Problem	\N	\N	Portal	Critical	In Progress	\N	2025-12-19 14:38:29.243-05	2025-12-21 21:38:29.245-05	4	3																	Tier 1	2025-12-19 14:58:29.243-05	\N
908	Dot Matrix Ribbon Dry - Lorraine	Epson LQ-500 needs ribbon.	Printer / Scanner Issue	\N	\N	Portal	Critical	In Progress	\N	2025-12-21 11:38:29.247-05	2025-12-21 21:38:29.25-05	2	3																	Tier 1	2025-12-21 11:49:29.247-05	\N
909	Hoverboard formatting issue - Marty	Pit Bull model drifting left.	Hardware Issue	\N	\N	Portal	Priority 1 - Critical	Resolved	\N	2025-12-19 10:38:29.252-05	2025-12-24 11:11:16.92-05	1	1																	Tier 1	2025-12-19 11:24:29.252-05	2025-12-24 11:11:16.917-05
910	Screensaver Password Locked - Doc	Flying Toasters won't unlock.	VP Password Reset	\N	\N	Portal	Critical	In Progress	\N	2025-12-20 13:38:29.256-05	2025-12-21 21:38:29.259-05	3	3																	Tier 1	2025-12-20 13:54:29.256-05	\N
911	[Portal] App Issue: OpenRoads Designer - Install Failed - Error 0x80070642 (VBA 7.1)	USER REPORT:\n-----------------\nApp: OpenRoads Designer\nComputer: Primary\n\nDETAILS:\n<div>I am trying to install OpenBridge Designer 2023 on my workstation, but the installer fails immediately.</div><div>It gives the error: "Failed to install Microsoft Visual Basic for Applications 7.1 (x64) with error code 0x80070642."</div><div>It says "User cancelled installation," but I did not click cancel. I have attached a screenshot of the error dialog. Please assist.</div>	Application Problem	\N	\N	Portal	Priority 3 - Medium	New	\N	2025-12-25 15:56:52.60511-05	2025-12-25 15:56:52.605141-05	1	\N																	Tier 1	\N	\N
912	[Portal] App Issue: OpenRoads Designer - URGENT: Install still failing after reboot (Error 0x80070642)	USER REPORT:\n-----------------\nApp: OpenRoads Designer\nComputer: Primary\n\nDETAILS:\n<div>I followed the instructions to reboot my machine and try the installation again, but I am getting the exact same error regarding the VBA 7.1 installation.</div><div>The error code is 0x80070642. I have attached the screenshot again below. This is blocking my current project.</div>	Application Problem	\N	\N	Portal	Priority 3 - Medium	New	\N	2025-12-25 16:32:22.405738-05	2025-12-25 16:32:22.405771-05	1	\N			ticket_attachments/2025/12/Install_Failed.png														Tier 1	\N	\N
\.


--
-- Data for Name: service_desk_userprofile; Type: TABLE DATA; Schema: public; Owner: postgres
--

COPY public.service_desk_userprofile (id, connectwise_id, title, department, location, phone_office, phone_mobile, avatar, hire_date, bio, created_at, updated_at, user_id, company, manager_name, prefer_initials) FROM stdin;
3	\N	Staff Member	Corporate	Clarksville, IN (Quartermaster Ct)	555-0126		profile_images/Lorraine_Baines.jpg	\N		2025-12-06 17:24:45.518-05	2025-12-24 18:25:20.984-05	2	PRIME AE Group, Inc.	Marty McFly	f
5	\N	Staff Member	Transportation	Harrisburg, PA (Highlands Plaza Dr)	555-0120		profile_images/George_McFly.jpg	\N		2025-12-20 12:00:28.487-05	2025-12-24 18:25:21.637-05	4	PRIME AE Group, Inc.	Marty McFly	f
6	\N	Staff Member	Transportation	Fairfax, VA (Fair Ridge Dr)	555-0134		profile_images/Biff_Tannen.JPG	\N		2025-12-20 12:00:28.81-05	2025-12-24 18:25:21.973-05	5	PRIME AE Group, Inc.	Marty McFly	f
7	\N	Staff Member	Corporate	Maitland, FL (Maitland Center Pkwy)	555-0130		profile_images/Jennifer_Parker.jpg	\N		2025-12-20 12:00:29.128-05	2025-12-24 18:25:22.294-05	6	PRIME AE Group, Inc.	Marty McFly	f
8	\N	Staff Member	Land	Lexington, KY (Corporate Dr)	555-0117		profile_images/Dave_McFly_7iswtUX.JPG	\N		2025-12-20 12:00:29.451-05	2025-12-24 18:25:22.626-05	7	PRIME AE Group, Inc.	Marty McFly	f
9	\N	Staff Member	Land	Tampa, FL (W Cypress St)	555-0156		profile_images/Linda_McFly_2WXrFdn.JPG	\N		2025-12-20 12:00:29.762-05	2025-12-24 22:28:22.197-05	8	PRIME AE Group, Inc.	Marty McFly	f
10	\N	Staff Member	Corporate	Jacksonville, FL (Belfort Pkwy)	555-0175		profile_images/Mr._Strickland.JPG	\N		2025-12-20 12:00:30.075-05	2025-12-24 22:13:44.732-05	9	PRIME AE Group, Inc.	Marty McFly	f
11	\N	Staff Member	Land	Wethersfield, CT (Great Meadow Rd)	555-0155			\N		2025-12-20 12:00:30.403-05	2025-12-24 18:25:23.598-05	10	PRIME AE Group, Inc.	Marty McFly	f
13	\N	Staff Member	Land	Clarksville, IN (Quartermaster Ct)	555-0158			\N		2025-12-20 12:00:31.055-05	2025-12-24 18:25:24.247-05	12	PRIME AE Group, Inc.	Marty McFly	f
15	\N	Staff Member	Transportation	Lexington, KY (Corporate Dr)	555-0129			\N		2025-12-21 15:52:41.379-05	2025-12-24 18:25:24.893-05	14	PRIME AE Group, Inc.	Marty McFly	f
16	\N	Staff Member	Architecture	Jacksonville, FL (Sutton Park Dr)	555-0150			\N		2025-12-21 15:52:41.697-05	2025-12-24 18:25:25.219-05	15	PRIME AE Group, Inc.	Marty McFly	f
12	\N	Staff Member	Transportation	Cincinnati, OH (Kenwood Rd)	555-0130		profile_images/Stella_Baines_IuI2sQG.JPG	\N		2025-12-20 12:00:30.743-05	2025-12-25 15:45:26.471678-05	11	PRIME AE Group, Inc.	Marty McFly	f
4	\N	Chief Time Scientist	Land	Remote	555-888-1985		profile_images/Doc_Brown.jpg	\N		2025-12-07 16:10:38.399-05	2025-12-25 19:47:14.247451-05	3	PRIME AE Group, Inc.	Marty McFly	f
1	\N	Staff Member	Architecture	Tampa, FL (W Cypress St)	555-0168		profile_images/Marty_McFly.jpg	\N		2025-12-06 12:26:36.761-05	2025-12-26 10:15:51.807034-05	1	PRIME AE Group, Inc.	Marty McFly	f
\.


--
-- Name: auth_group_id_seq; Type: SEQUENCE SET; Schema: public; Owner: postgres
--

SELECT pg_catalog.setval('public.auth_group_id_seq', 1, true);


--
-- Name: auth_group_permissions_id_seq; Type: SEQUENCE SET; Schema: public; Owner: postgres
--

SELECT pg_catalog.setval('public.auth_group_permissions_id_seq', 1, false);


--
-- Name: auth_permission_id_seq; Type: SEQUENCE SET; Schema: public; Owner: postgres
--

SELECT pg_catalog.setval('public.auth_permission_id_seq', 60, true);


--
-- Name: auth_user_groups_id_seq; Type: SEQUENCE SET; Schema: public; Owner: postgres
--

SELECT pg_catalog.setval('public.auth_user_groups_id_seq', 5, true);


--
-- Name: auth_user_id_seq; Type: SEQUENCE SET; Schema: public; Owner: postgres
--

SELECT pg_catalog.setval('public.auth_user_id_seq', 15, true);


--
-- Name: auth_user_user_permissions_id_seq; Type: SEQUENCE SET; Schema: public; Owner: postgres
--

SELECT pg_catalog.setval('public.auth_user_user_permissions_id_seq', 1, false);


--
-- Name: django_admin_log_id_seq; Type: SEQUENCE SET; Schema: public; Owner: postgres
--

SELECT pg_catalog.setval('public.django_admin_log_id_seq', 25, true);


--
-- Name: django_content_type_id_seq; Type: SEQUENCE SET; Schema: public; Owner: postgres
--

SELECT pg_catalog.setval('public.django_content_type_id_seq', 15, true);


--
-- Name: django_migrations_id_seq; Type: SEQUENCE SET; Schema: public; Owner: postgres
--

SELECT pg_catalog.setval('public.django_migrations_id_seq', 33, true);


--
-- Name: knowledge_base_article_id_seq; Type: SEQUENCE SET; Schema: public; Owner: postgres
--

SELECT pg_catalog.setval('public.knowledge_base_article_id_seq', 45, true);


--
-- Name: knowledge_base_kbcategory_id_seq; Type: SEQUENCE SET; Schema: public; Owner: postgres
--

SELECT pg_catalog.setval('public.knowledge_base_kbcategory_id_seq', 3, true);


--
-- Name: knowledge_base_kbsubcategory_id_seq; Type: SEQUENCE SET; Schema: public; Owner: postgres
--

SELECT pg_catalog.setval('public.knowledge_base_kbsubcategory_id_seq', 12, true);


--
-- Name: service_desk_comment_id_seq; Type: SEQUENCE SET; Schema: public; Owner: postgres
--

SELECT pg_catalog.setval('public.service_desk_comment_id_seq', 229, true);


--
-- Name: service_desk_csatsurvey_id_seq; Type: SEQUENCE SET; Schema: public; Owner: postgres
--

SELECT pg_catalog.setval('public.service_desk_csatsurvey_id_seq', 1, false);


--
-- Name: service_desk_globalsettings_id_seq; Type: SEQUENCE SET; Schema: public; Owner: postgres
--

SELECT pg_catalog.setval('public.service_desk_globalsettings_id_seq', 1, true);


--
-- Name: service_desk_notification_id_seq; Type: SEQUENCE SET; Schema: public; Owner: postgres
--

SELECT pg_catalog.setval('public.service_desk_notification_id_seq', 71, true);


--
-- Name: service_desk_ticket_id_seq; Type: SEQUENCE SET; Schema: public; Owner: postgres
--

SELECT pg_catalog.setval('public.service_desk_ticket_id_seq', 912, true);


--
-- Name: service_desk_userprofile_id_seq; Type: SEQUENCE SET; Schema: public; Owner: postgres
--

SELECT pg_catalog.setval('public.service_desk_userprofile_id_seq', 16, true);


--
-- Name: auth_group auth_group_name_key; Type: CONSTRAINT; Schema: public; Owner: postgres
--

ALTER TABLE ONLY public.auth_group
    ADD CONSTRAINT auth_group_name_key UNIQUE (name);


--
-- Name: auth_group_permissions auth_group_permissions_group_id_permission_id_0cd325b0_uniq; Type: CONSTRAINT; Schema: public; Owner: postgres
--

ALTER TABLE ONLY public.auth_group_permissions
    ADD CONSTRAINT auth_group_permissions_group_id_permission_id_0cd325b0_uniq UNIQUE (group_id, permission_id);


--
-- Name: auth_group_permissions auth_group_permissions_pkey; Type: CONSTRAINT; Schema: public; Owner: postgres
--

ALTER TABLE ONLY public.auth_group_permissions
    ADD CONSTRAINT auth_group_permissions_pkey PRIMARY KEY (id);


--
-- Name: auth_group auth_group_pkey; Type: CONSTRAINT; Schema: public; Owner: postgres
--

ALTER TABLE ONLY public.auth_group
    ADD CONSTRAINT auth_group_pkey PRIMARY KEY (id);


--
-- Name: auth_permission auth_permission_content_type_id_codename_01ab375a_uniq; Type: CONSTRAINT; Schema: public; Owner: postgres
--

ALTER TABLE ONLY public.auth_permission
    ADD CONSTRAINT auth_permission_content_type_id_codename_01ab375a_uniq UNIQUE (content_type_id, codename);


--
-- Name: auth_permission auth_permission_pkey; Type: CONSTRAINT; Schema: public; Owner: postgres
--

ALTER TABLE ONLY public.auth_permission
    ADD CONSTRAINT auth_permission_pkey PRIMARY KEY (id);


--
-- Name: auth_user_groups auth_user_groups_pkey; Type: CONSTRAINT; Schema: public; Owner: postgres
--

ALTER TABLE ONLY public.auth_user_groups
    ADD CONSTRAINT auth_user_groups_pkey PRIMARY KEY (id);


--
-- Name: auth_user_groups auth_user_groups_user_id_group_id_94350c0c_uniq; Type: CONSTRAINT; Schema: public; Owner: postgres
--

ALTER TABLE ONLY public.auth_user_groups
    ADD CONSTRAINT auth_user_groups_user_id_group_id_94350c0c_uniq UNIQUE (user_id, group_id);


--
-- Name: auth_user auth_user_pkey; Type: CONSTRAINT; Schema: public; Owner: postgres
--

ALTER TABLE ONLY public.auth_user
    ADD CONSTRAINT auth_user_pkey PRIMARY KEY (id);


--
-- Name: auth_user_user_permissions auth_user_user_permissions_pkey; Type: CONSTRAINT; Schema: public; Owner: postgres
--

ALTER TABLE ONLY public.auth_user_user_permissions
    ADD CONSTRAINT auth_user_user_permissions_pkey PRIMARY KEY (id);


--
-- Name: auth_user_user_permissions auth_user_user_permissions_user_id_permission_id_14a6b632_uniq; Type: CONSTRAINT; Schema: public; Owner: postgres
--

ALTER TABLE ONLY public.auth_user_user_permissions
    ADD CONSTRAINT auth_user_user_permissions_user_id_permission_id_14a6b632_uniq UNIQUE (user_id, permission_id);


--
-- Name: auth_user auth_user_username_key; Type: CONSTRAINT; Schema: public; Owner: postgres
--

ALTER TABLE ONLY public.auth_user
    ADD CONSTRAINT auth_user_username_key UNIQUE (username);


--
-- Name: django_admin_log django_admin_log_pkey; Type: CONSTRAINT; Schema: public; Owner: postgres
--

ALTER TABLE ONLY public.django_admin_log
    ADD CONSTRAINT django_admin_log_pkey PRIMARY KEY (id);


--
-- Name: django_content_type django_content_type_app_label_model_76bd3d3b_uniq; Type: CONSTRAINT; Schema: public; Owner: postgres
--

ALTER TABLE ONLY public.django_content_type
    ADD CONSTRAINT django_content_type_app_label_model_76bd3d3b_uniq UNIQUE (app_label, model);


--
-- Name: django_content_type django_content_type_pkey; Type: CONSTRAINT; Schema: public; Owner: postgres
--

ALTER TABLE ONLY public.django_content_type
    ADD CONSTRAINT django_content_type_pkey PRIMARY KEY (id);


--
-- Name: django_migrations django_migrations_pkey; Type: CONSTRAINT; Schema: public; Owner: postgres
--

ALTER TABLE ONLY public.django_migrations
    ADD CONSTRAINT django_migrations_pkey PRIMARY KEY (id);


--
-- Name: django_session django_session_pkey; Type: CONSTRAINT; Schema: public; Owner: postgres
--

ALTER TABLE ONLY public.django_session
    ADD CONSTRAINT django_session_pkey PRIMARY KEY (session_key);


--
-- Name: knowledge_base_article knowledge_base_article_connectwise_id_key; Type: CONSTRAINT; Schema: public; Owner: postgres
--

ALTER TABLE ONLY public.knowledge_base_article
    ADD CONSTRAINT knowledge_base_article_connectwise_id_key UNIQUE (connectwise_id);


--
-- Name: knowledge_base_article knowledge_base_article_pkey; Type: CONSTRAINT; Schema: public; Owner: postgres
--

ALTER TABLE ONLY public.knowledge_base_article
    ADD CONSTRAINT knowledge_base_article_pkey PRIMARY KEY (id);


--
-- Name: knowledge_base_kbcategory knowledge_base_kbcategory_name_key; Type: CONSTRAINT; Schema: public; Owner: postgres
--

ALTER TABLE ONLY public.knowledge_base_kbcategory
    ADD CONSTRAINT knowledge_base_kbcategory_name_key UNIQUE (name);


--
-- Name: knowledge_base_kbcategory knowledge_base_kbcategory_pkey; Type: CONSTRAINT; Schema: public; Owner: postgres
--

ALTER TABLE ONLY public.knowledge_base_kbcategory
    ADD CONSTRAINT knowledge_base_kbcategory_pkey PRIMARY KEY (id);


--
-- Name: knowledge_base_kbsubcategory knowledge_base_kbsubcategory_pkey; Type: CONSTRAINT; Schema: public; Owner: postgres
--

ALTER TABLE ONLY public.knowledge_base_kbsubcategory
    ADD CONSTRAINT knowledge_base_kbsubcategory_pkey PRIMARY KEY (id);


--
-- Name: service_desk_comment service_desk_comment_pkey; Type: CONSTRAINT; Schema: public; Owner: postgres
--

ALTER TABLE ONLY public.service_desk_comment
    ADD CONSTRAINT service_desk_comment_pkey PRIMARY KEY (id);


--
-- Name: service_desk_csatsurvey service_desk_csatsurvey_pkey; Type: CONSTRAINT; Schema: public; Owner: postgres
--

ALTER TABLE ONLY public.service_desk_csatsurvey
    ADD CONSTRAINT service_desk_csatsurvey_pkey PRIMARY KEY (id);


--
-- Name: service_desk_csatsurvey service_desk_csatsurvey_ticket_id_key; Type: CONSTRAINT; Schema: public; Owner: postgres
--

ALTER TABLE ONLY public.service_desk_csatsurvey
    ADD CONSTRAINT service_desk_csatsurvey_ticket_id_key UNIQUE (ticket_id);


--
-- Name: service_desk_globalsettings service_desk_globalsettings_pkey; Type: CONSTRAINT; Schema: public; Owner: postgres
--

ALTER TABLE ONLY public.service_desk_globalsettings
    ADD CONSTRAINT service_desk_globalsettings_pkey PRIMARY KEY (id);


--
-- Name: service_desk_notification service_desk_notification_pkey; Type: CONSTRAINT; Schema: public; Owner: postgres
--

ALTER TABLE ONLY public.service_desk_notification
    ADD CONSTRAINT service_desk_notification_pkey PRIMARY KEY (id);


--
-- Name: service_desk_ticket service_desk_ticket_connectwise_id_key; Type: CONSTRAINT; Schema: public; Owner: postgres
--

ALTER TABLE ONLY public.service_desk_ticket
    ADD CONSTRAINT service_desk_ticket_connectwise_id_key UNIQUE (connectwise_id);


--
-- Name: service_desk_ticket service_desk_ticket_pkey; Type: CONSTRAINT; Schema: public; Owner: postgres
--

ALTER TABLE ONLY public.service_desk_ticket
    ADD CONSTRAINT service_desk_ticket_pkey PRIMARY KEY (id);


--
-- Name: service_desk_userprofile service_desk_userprofile_connectwise_id_key; Type: CONSTRAINT; Schema: public; Owner: postgres
--

ALTER TABLE ONLY public.service_desk_userprofile
    ADD CONSTRAINT service_desk_userprofile_connectwise_id_key UNIQUE (connectwise_id);


--
-- Name: service_desk_userprofile service_desk_userprofile_pkey; Type: CONSTRAINT; Schema: public; Owner: postgres
--

ALTER TABLE ONLY public.service_desk_userprofile
    ADD CONSTRAINT service_desk_userprofile_pkey PRIMARY KEY (id);


--
-- Name: service_desk_userprofile service_desk_userprofile_user_id_key; Type: CONSTRAINT; Schema: public; Owner: postgres
--

ALTER TABLE ONLY public.service_desk_userprofile
    ADD CONSTRAINT service_desk_userprofile_user_id_key UNIQUE (user_id);


--
-- Name: auth_group_name_a6ea08ec_like; Type: INDEX; Schema: public; Owner: postgres
--

CREATE INDEX auth_group_name_a6ea08ec_like ON public.auth_group USING btree (name varchar_pattern_ops);


--
-- Name: auth_group_permissions_group_id_b120cbf9; Type: INDEX; Schema: public; Owner: postgres
--

CREATE INDEX auth_group_permissions_group_id_b120cbf9 ON public.auth_group_permissions USING btree (group_id);


--
-- Name: auth_group_permissions_permission_id_84c5c92e; Type: INDEX; Schema: public; Owner: postgres
--

CREATE INDEX auth_group_permissions_permission_id_84c5c92e ON public.auth_group_permissions USING btree (permission_id);


--
-- Name: auth_permission_content_type_id_2f476e4b; Type: INDEX; Schema: public; Owner: postgres
--

CREATE INDEX auth_permission_content_type_id_2f476e4b ON public.auth_permission USING btree (content_type_id);


--
-- Name: auth_user_groups_group_id_97559544; Type: INDEX; Schema: public; Owner: postgres
--

CREATE INDEX auth_user_groups_group_id_97559544 ON public.auth_user_groups USING btree (group_id);


--
-- Name: auth_user_groups_user_id_6a12ed8b; Type: INDEX; Schema: public; Owner: postgres
--

CREATE INDEX auth_user_groups_user_id_6a12ed8b ON public.auth_user_groups USING btree (user_id);


--
-- Name: auth_user_user_permissions_permission_id_1fbb5f2c; Type: INDEX; Schema: public; Owner: postgres
--

CREATE INDEX auth_user_user_permissions_permission_id_1fbb5f2c ON public.auth_user_user_permissions USING btree (permission_id);


--
-- Name: auth_user_user_permissions_user_id_a95ead1b; Type: INDEX; Schema: public; Owner: postgres
--

CREATE INDEX auth_user_user_permissions_user_id_a95ead1b ON public.auth_user_user_permissions USING btree (user_id);


--
-- Name: auth_user_username_6821ab7c_like; Type: INDEX; Schema: public; Owner: postgres
--

CREATE INDEX auth_user_username_6821ab7c_like ON public.auth_user USING btree (username varchar_pattern_ops);


--
-- Name: django_admin_log_content_type_id_c4bce8eb; Type: INDEX; Schema: public; Owner: postgres
--

CREATE INDEX django_admin_log_content_type_id_c4bce8eb ON public.django_admin_log USING btree (content_type_id);


--
-- Name: django_admin_log_user_id_c564eba6; Type: INDEX; Schema: public; Owner: postgres
--

CREATE INDEX django_admin_log_user_id_c564eba6 ON public.django_admin_log USING btree (user_id);


--
-- Name: django_session_expire_date_a5c62663; Type: INDEX; Schema: public; Owner: postgres
--

CREATE INDEX django_session_expire_date_a5c62663 ON public.django_session USING btree (expire_date);


--
-- Name: django_session_session_key_c0390e0f_like; Type: INDEX; Schema: public; Owner: postgres
--

CREATE INDEX django_session_session_key_c0390e0f_like ON public.django_session USING btree (session_key varchar_pattern_ops);


--
-- Name: knowledge_base_article_author_id_99806602; Type: INDEX; Schema: public; Owner: postgres
--

CREATE INDEX knowledge_base_article_author_id_99806602 ON public.knowledge_base_article USING btree (author_id);


--
-- Name: knowledge_base_article_category_fk_id_81b68004; Type: INDEX; Schema: public; Owner: postgres
--

CREATE INDEX knowledge_base_article_category_fk_id_81b68004 ON public.knowledge_base_article USING btree (category_fk_id);


--
-- Name: knowledge_base_article_subcategory_fk_id_bde2736a; Type: INDEX; Schema: public; Owner: postgres
--

CREATE INDEX knowledge_base_article_subcategory_fk_id_bde2736a ON public.knowledge_base_article USING btree (subcategory_fk_id);


--
-- Name: knowledge_base_kbcategory_name_3def714e_like; Type: INDEX; Schema: public; Owner: postgres
--

CREATE INDEX knowledge_base_kbcategory_name_3def714e_like ON public.knowledge_base_kbcategory USING btree (name varchar_pattern_ops);


--
-- Name: knowledge_base_kbsubcategory_parent_id_23d91744; Type: INDEX; Schema: public; Owner: postgres
--

CREATE INDEX knowledge_base_kbsubcategory_parent_id_23d91744 ON public.knowledge_base_kbsubcategory USING btree (parent_id);


--
-- Name: service_desk_comment_author_id_9fb6b8ba; Type: INDEX; Schema: public; Owner: postgres
--

CREATE INDEX service_desk_comment_author_id_9fb6b8ba ON public.service_desk_comment USING btree (author_id);


--
-- Name: service_desk_comment_ticket_id_12bbdf2d; Type: INDEX; Schema: public; Owner: postgres
--

CREATE INDEX service_desk_comment_ticket_id_12bbdf2d ON public.service_desk_comment USING btree (ticket_id);


--
-- Name: service_desk_csatsurvey_submitted_by_id_5723d903; Type: INDEX; Schema: public; Owner: postgres
--

CREATE INDEX service_desk_csatsurvey_submitted_by_id_5723d903 ON public.service_desk_csatsurvey USING btree (submitted_by_id);


--
-- Name: service_desk_notification_user_id_90dfa593; Type: INDEX; Schema: public; Owner: postgres
--

CREATE INDEX service_desk_notification_user_id_90dfa593 ON public.service_desk_notification USING btree (user_id);


--
-- Name: service_desk_ticket_submitter_id_f7220a1a; Type: INDEX; Schema: public; Owner: postgres
--

CREATE INDEX service_desk_ticket_submitter_id_f7220a1a ON public.service_desk_ticket USING btree (submitter_id);


--
-- Name: service_desk_ticket_technician_id_2f7ea2af; Type: INDEX; Schema: public; Owner: postgres
--

CREATE INDEX service_desk_ticket_technician_id_2f7ea2af ON public.service_desk_ticket USING btree (technician_id);


--
-- Name: service_desk_userprofile_connectwise_id_68b43b71_like; Type: INDEX; Schema: public; Owner: postgres
--

CREATE INDEX service_desk_userprofile_connectwise_id_68b43b71_like ON public.service_desk_userprofile USING btree (connectwise_id varchar_pattern_ops);


--
-- Name: auth_group_permissions auth_group_permissio_permission_id_84c5c92e_fk_auth_perm; Type: FK CONSTRAINT; Schema: public; Owner: postgres
--

ALTER TABLE ONLY public.auth_group_permissions
    ADD CONSTRAINT auth_group_permissio_permission_id_84c5c92e_fk_auth_perm FOREIGN KEY (permission_id) REFERENCES public.auth_permission(id) DEFERRABLE INITIALLY DEFERRED;


--
-- Name: auth_group_permissions auth_group_permissions_group_id_b120cbf9_fk_auth_group_id; Type: FK CONSTRAINT; Schema: public; Owner: postgres
--

ALTER TABLE ONLY public.auth_group_permissions
    ADD CONSTRAINT auth_group_permissions_group_id_b120cbf9_fk_auth_group_id FOREIGN KEY (group_id) REFERENCES public.auth_group(id) DEFERRABLE INITIALLY DEFERRED;


--
-- Name: auth_permission auth_permission_content_type_id_2f476e4b_fk_django_co; Type: FK CONSTRAINT; Schema: public; Owner: postgres
--

ALTER TABLE ONLY public.auth_permission
    ADD CONSTRAINT auth_permission_content_type_id_2f476e4b_fk_django_co FOREIGN KEY (content_type_id) REFERENCES public.django_content_type(id) DEFERRABLE INITIALLY DEFERRED;


--
-- Name: auth_user_groups auth_user_groups_group_id_97559544_fk_auth_group_id; Type: FK CONSTRAINT; Schema: public; Owner: postgres
--

ALTER TABLE ONLY public.auth_user_groups
    ADD CONSTRAINT auth_user_groups_group_id_97559544_fk_auth_group_id FOREIGN KEY (group_id) REFERENCES public.auth_group(id) DEFERRABLE INITIALLY DEFERRED;


--
-- Name: auth_user_groups auth_user_groups_user_id_6a12ed8b_fk_auth_user_id; Type: FK CONSTRAINT; Schema: public; Owner: postgres
--

ALTER TABLE ONLY public.auth_user_groups
    ADD CONSTRAINT auth_user_groups_user_id_6a12ed8b_fk_auth_user_id FOREIGN KEY (user_id) REFERENCES public.auth_user(id) DEFERRABLE INITIALLY DEFERRED;


--
-- Name: auth_user_user_permissions auth_user_user_permi_permission_id_1fbb5f2c_fk_auth_perm; Type: FK CONSTRAINT; Schema: public; Owner: postgres
--

ALTER TABLE ONLY public.auth_user_user_permissions
    ADD CONSTRAINT auth_user_user_permi_permission_id_1fbb5f2c_fk_auth_perm FOREIGN KEY (permission_id) REFERENCES public.auth_permission(id) DEFERRABLE INITIALLY DEFERRED;


--
-- Name: auth_user_user_permissions auth_user_user_permissions_user_id_a95ead1b_fk_auth_user_id; Type: FK CONSTRAINT; Schema: public; Owner: postgres
--

ALTER TABLE ONLY public.auth_user_user_permissions
    ADD CONSTRAINT auth_user_user_permissions_user_id_a95ead1b_fk_auth_user_id FOREIGN KEY (user_id) REFERENCES public.auth_user(id) DEFERRABLE INITIALLY DEFERRED;


--
-- Name: django_admin_log django_admin_log_content_type_id_c4bce8eb_fk_django_co; Type: FK CONSTRAINT; Schema: public; Owner: postgres
--

ALTER TABLE ONLY public.django_admin_log
    ADD CONSTRAINT django_admin_log_content_type_id_c4bce8eb_fk_django_co FOREIGN KEY (content_type_id) REFERENCES public.django_content_type(id) DEFERRABLE INITIALLY DEFERRED;


--
-- Name: django_admin_log django_admin_log_user_id_c564eba6_fk_auth_user_id; Type: FK CONSTRAINT; Schema: public; Owner: postgres
--

ALTER TABLE ONLY public.django_admin_log
    ADD CONSTRAINT django_admin_log_user_id_c564eba6_fk_auth_user_id FOREIGN KEY (user_id) REFERENCES public.auth_user(id) DEFERRABLE INITIALLY DEFERRED;


--
-- Name: knowledge_base_article knowledge_base_artic_category_fk_id_81b68004_fk_knowledge; Type: FK CONSTRAINT; Schema: public; Owner: postgres
--

ALTER TABLE ONLY public.knowledge_base_article
    ADD CONSTRAINT knowledge_base_artic_category_fk_id_81b68004_fk_knowledge FOREIGN KEY (category_fk_id) REFERENCES public.knowledge_base_kbcategory(id) DEFERRABLE INITIALLY DEFERRED;


--
-- Name: knowledge_base_article knowledge_base_artic_subcategory_fk_id_bde2736a_fk_knowledge; Type: FK CONSTRAINT; Schema: public; Owner: postgres
--

ALTER TABLE ONLY public.knowledge_base_article
    ADD CONSTRAINT knowledge_base_artic_subcategory_fk_id_bde2736a_fk_knowledge FOREIGN KEY (subcategory_fk_id) REFERENCES public.knowledge_base_kbsubcategory(id) DEFERRABLE INITIALLY DEFERRED;


--
-- Name: knowledge_base_article knowledge_base_article_author_id_99806602_fk_auth_user_id; Type: FK CONSTRAINT; Schema: public; Owner: postgres
--

ALTER TABLE ONLY public.knowledge_base_article
    ADD CONSTRAINT knowledge_base_article_author_id_99806602_fk_auth_user_id FOREIGN KEY (author_id) REFERENCES public.auth_user(id) DEFERRABLE INITIALLY DEFERRED;


--
-- Name: knowledge_base_kbsubcategory knowledge_base_kbsub_parent_id_23d91744_fk_knowledge; Type: FK CONSTRAINT; Schema: public; Owner: postgres
--

ALTER TABLE ONLY public.knowledge_base_kbsubcategory
    ADD CONSTRAINT knowledge_base_kbsub_parent_id_23d91744_fk_knowledge FOREIGN KEY (parent_id) REFERENCES public.knowledge_base_kbcategory(id) DEFERRABLE INITIALLY DEFERRED;


--
-- Name: service_desk_comment service_desk_comment_author_id_9fb6b8ba_fk_auth_user_id; Type: FK CONSTRAINT; Schema: public; Owner: postgres
--

ALTER TABLE ONLY public.service_desk_comment
    ADD CONSTRAINT service_desk_comment_author_id_9fb6b8ba_fk_auth_user_id FOREIGN KEY (author_id) REFERENCES public.auth_user(id) DEFERRABLE INITIALLY DEFERRED;


--
-- Name: service_desk_comment service_desk_comment_ticket_id_12bbdf2d_fk_service_d; Type: FK CONSTRAINT; Schema: public; Owner: postgres
--

ALTER TABLE ONLY public.service_desk_comment
    ADD CONSTRAINT service_desk_comment_ticket_id_12bbdf2d_fk_service_d FOREIGN KEY (ticket_id) REFERENCES public.service_desk_ticket(id) DEFERRABLE INITIALLY DEFERRED;


--
-- Name: service_desk_csatsurvey service_desk_csatsur_submitted_by_id_5723d903_fk_auth_user; Type: FK CONSTRAINT; Schema: public; Owner: postgres
--

ALTER TABLE ONLY public.service_desk_csatsurvey
    ADD CONSTRAINT service_desk_csatsur_submitted_by_id_5723d903_fk_auth_user FOREIGN KEY (submitted_by_id) REFERENCES public.auth_user(id) DEFERRABLE INITIALLY DEFERRED;


--
-- Name: service_desk_csatsurvey service_desk_csatsur_ticket_id_873baf72_fk_service_d; Type: FK CONSTRAINT; Schema: public; Owner: postgres
--

ALTER TABLE ONLY public.service_desk_csatsurvey
    ADD CONSTRAINT service_desk_csatsur_ticket_id_873baf72_fk_service_d FOREIGN KEY (ticket_id) REFERENCES public.service_desk_ticket(id) DEFERRABLE INITIALLY DEFERRED;


--
-- Name: service_desk_notification service_desk_notification_user_id_90dfa593_fk_auth_user_id; Type: FK CONSTRAINT; Schema: public; Owner: postgres
--

ALTER TABLE ONLY public.service_desk_notification
    ADD CONSTRAINT service_desk_notification_user_id_90dfa593_fk_auth_user_id FOREIGN KEY (user_id) REFERENCES public.auth_user(id) DEFERRABLE INITIALLY DEFERRED;


--
-- Name: service_desk_ticket service_desk_ticket_submitter_id_f7220a1a_fk_auth_user_id; Type: FK CONSTRAINT; Schema: public; Owner: postgres
--

ALTER TABLE ONLY public.service_desk_ticket
    ADD CONSTRAINT service_desk_ticket_submitter_id_f7220a1a_fk_auth_user_id FOREIGN KEY (submitter_id) REFERENCES public.auth_user(id) DEFERRABLE INITIALLY DEFERRED;


--
-- Name: service_desk_ticket service_desk_ticket_technician_id_2f7ea2af_fk_auth_user_id; Type: FK CONSTRAINT; Schema: public; Owner: postgres
--

ALTER TABLE ONLY public.service_desk_ticket
    ADD CONSTRAINT service_desk_ticket_technician_id_2f7ea2af_fk_auth_user_id FOREIGN KEY (technician_id) REFERENCES public.auth_user(id) DEFERRABLE INITIALLY DEFERRED;


--
-- Name: service_desk_userprofile service_desk_userprofile_user_id_37b10d6e_fk_auth_user_id; Type: FK CONSTRAINT; Schema: public; Owner: postgres
--

ALTER TABLE ONLY public.service_desk_userprofile
    ADD CONSTRAINT service_desk_userprofile_user_id_37b10d6e_fk_auth_user_id FOREIGN KEY (user_id) REFERENCES public.auth_user(id) DEFERRABLE INITIALLY DEFERRED;


--
-- PostgreSQL database dump complete
--

\unrestrict WziIn7Si7ZrmHf5Ighg0FwnjE7w4sw5eLLeSHFXVwoE8C4KIEpMBYUI8MRV3jbV

